player_id,player_name
723636,Fritz T.
340250,Musetti L.
249143,Tsitsipas S.
284548,De Minaur A.
488936,Huesler M.
954504,Rinderknech A.
692847,Berrettini M.
520972,Tiafoe F.
458242,Pervolarakis M.
278192,Wawrinka S.
512847,Kubler J.
136276,Mannarino A.
404096,Zverev A.
659243,Humbert U.
338460,Popyrin A.
182021,Meligeni Alves F.
957369,Safiullin R.
884527,Millman J.
811823,Goffin D.
614106,Kwon S.
587237,Nadal R.
733556,Winter E.
302790,Milojevic N.
137843,Marterer M.
656194,Duckworth J.
473089,Barrere G.
326801,Michalski D.
928358,Bellucci M.
364318,Ramanathan R.
927805,Ymer E.
663803,Coric B.
706750,Rawat S.
138401,Bhambri Y.
957408,Vishal Balsekar A.
713412,Zeppieri G.
335034,Couacaud E.
422313,Diallo G.
267424,Wu Y.
508033,Delaney Je.
465909,Osmont G.
261646,Monteiro T.
812008,Laaksonen H.
385506,Bolt A.
925629,Otte O.
441194,Furness E.
324554,Lopes T.
705517,Harper M.
419415,Boivin L.
257507,Nava E.
960706,Oradini G.
919952,Harris B.
315309,Nam Ji S.
429614,Schoolkate T.
539140,Taylor A.
568273,Broady L.
844257,Rosenkranz M.
192912,Bergs Z.
446563,Berrettini J.
359603,Jones H.
163041,Muller A.
341854,Squire H.
123040,Giron M.
191513,Vrbensky M.
997429,Elias G.
235825,Kunsuwan N.
255826,Kolar Z.
269960,Parker S.
125963,Hurkacz H.
981922,Hijikata R.
799141,Chaiyarin C.
476352,McDonald M.
217707,Fomin S.
872279,Kumar O.
702948,Ramos A.
640731,Janvier M.
226123,De Schepper K.
106382,Marie J.
949266,Gojo B.
576536,Rocha F.
861716,Holmgren A.
734428,Vatutin A.
343888,Rocha H.
749672,Molleker R.
710841,De Loore J.
966284,Kachmazov A.
288086,Coelho F.
762084,Araujo P.
904531,Maestrelli F.
373503,Krueger M.
774933,Puttergill C.
481579,Ellis B.
278809,Sekulic P.
692911,Kecmanovic M.
548359,Sumizawa D.
133761,Sweeny D.
786971,Harper M.
818514,Inui Y.
177120,Perez A.
154108,Ayeni A.
750819,Delbonis F.
869004,Kovalik J.
415691,Rune H.
108785,Riedi L.
627600,Matsui T.
460471,Kelly D.
771433,Sinclair C.
634863,Thompson J.
518536,Statham J. R.
328410,Marozsan F.
726209,Gombos N.
594536,Hassan B.
444516,Vukic A.
833958,Uchiyama Y.
730346,Ymer M.
971501,Lopes V.
524043,Purcell M.
563110,Hong S. C.
480969,Chazal M.
504666,Added D.
100498,Gengel M.
176447,Tseng C. H.
921784,Carballes Baena R.
563588,Dhamne M.
621474,Moriya H.
838456,Uchida K.
591935,Mochizuki S.
646890,Griekspoor T.
583404,Molcan A.
575829,Cecchinato M.
134469,Kokkinakis T.
169616,Prizmic D.
804480,Krajinovic F.
901822,Hess S.
214377,Descotte M. F.
538981,Pereira J.
981822,Lamasine T.
716200,Aboian L.
119633,Gigante M.
725200,Otegui J. B.
735755,Alves M.
843107,Debru G.
148129,Neuchrist M.
249052,Huertas Del Pino Cordova A.
273841,Collignon R.
866560,Sanchez Jover C.
227660,Berankis R.
453166,Vidal Azorin J. F.
832213,Seyboth Wild T.
113328,Briand J.
632464,Gerch L.
658955,Huertas Del Pino C.
505077,Klein L.
537424,Passaro F.
965485,Escobedo E.
423268,Diaz Acosta F.
615104,Lokoli L.
764898,Arnaldi M.
412462,Medvedev D.
912183,Fucsovics M.
995472,Cachin P.
452892,Brouwer G.
883049,Garin C.
881341,Watanuki Y.
709359,McCabe J.
181695,Djokovic N.
552810,Royer V.
182008,Donskoy E.
528890,Mager G.
181475,Sakellaridis S.
554163,Moraing M.
550299,Blancaneaux G.
941542,Dzumhur D.
827001,Wu Tung-Lin
853888,Fonio G.
225761,Sinner J.
873324,Shimabukuro S.
494488,Mansouri S.
833134,Trungelliti M.
467387,Bautista-Agut R.
281568,Albot R.
443298,Martinez P.
756396,Murray A.
298839,Piros Z.
376795,Andujar P.
331620,Vacherot V.
374892,Cobolli F.
611449,Ejupovic E.
631462,Barrena A.
337733,Giustino L.
574262,Jianu F. C.
303110,Oliveira G.
325241,Monzon I.
900311,Leshem E.
599335,Casanova H.
507308,Lavagno E.
868353,Decamps G.
141694,Andreozzi G.
283131,Londero J. I.
552717,Dutra Da Silva D.
994078,Cerundolo J. M.
855008,Struff J-L.
771934,Draper J.
898178,Polmans M.
783204,Nishioka Y.
350409,Djere L.
603427,van Rijthoven T.
956292,Baez S.
670925,Bonzi B.
787209,Cilic M.
894620,Ambrogi L. E.
391426,Chepelev A.
977039,De Jong J.
198966,Roca Batalla O.
990451,Dellien Velasco M. A.
198064,Atmane T.
992243,Aboian V.
629760,Bertola R.
261903,Korda S.
828628,Harris L.
287543,Brancaccio R.
496616,Villanueva G.
822730,Zuk K.
149630,Escoffier A.
362646,Peniston R.
433115,Ilkel C.
779789,Midon L.
563621,Lehecka J.
390262,Reynolds F.
403965,Lajovic D.
783429,Lazarov A.
579334,Rai A.
452060,Coria F.
119592,Eubanks C.
951129,Saville L.
336426,Zapata Miralles B.
120068,Pospisil V.
774770,Haase R.
209998,Smith K.
954758,Chanta T.
563497,Mensik J.
966328,Ovcharenko O.
662266,Palan D.
978600,Friberg K.
702197,Tabur C.
140625,Zeitune M.
822429,Lajal M.
633268,Houkes M.
181883,Pereira T.
117175,Kirkin E.
369312,Erhard M.
224647,Barroso Campos A.
437818,Bruna N.
650726,Paul J.
954481,Garay V.
337465,Langmo C.
386521,Zekic M.
204208,Gaston H.
822663,Hardt N.
494287,Jin J.
711489,Lestienne C.
812285,Rodionov J.
695087,Olivo R.
361742,Machac T.
139446,Ritschard A.
130717,Jubb P.
596299,Pham D.
576424,Brooksby J.
755374,Ofner S.
713937,Kicker N.
226744,Shimizu Y.
251433,Jones M.
556041,Tabilo A.
890750,Evans D.
649763,Kozlov S.
811036,Sonego L.
864024,Darderi L.
656528,Jarry N.
202565,Ferreira Silva F.
728933,Gasquet R.
478621,Moreno De Alboran N.
587686,Edmund K.
627199,Kotov P.
502376,Kovapitukted P.
799088,Tirante T. A.
675276,Zhukayev B.
895687,Nakashima B.
966030,Sasikumar M.
582505,Marchenko I.
150995,Fanselow S.
794915,Cuevas M.
924945,Bueno G.
805378,Faria J.
321867,Herbert P.
114711,Weis A.
284423,Echargui M.
725780,Comesana F.
342082,Fils A.
106539,Navone M.
295572,Rodriguez Taverna S.
343960,Pucinelli de Almeida M.
650985,Paul T.
700214,Stricker D.
564713,Mmoh M.
396263,Bellier A.
289341,Tu L.
793419,Noguchi R.
489220,Vavassori A.
655170,Kovacevic A.
788021,Kukushkin M.
923051,Novak D.
717248,Galarneau A.
698300,Kudla D.
950978,Verdasco F.
273580,Pellegrino A.
820964,Varillas J. P.
717538,Yevseyev D.
569256,Gomez E.
750116,Samrej K.
944674,Travaglia S.
292653,Munar J.
384119,Ruusuvuori E.
629607,Karlovskiy E.
672689,Neumayer L.
939420,Sanchez Izquierdo N.
283198,Dougaz A.
685970,Boscardin Dias P.
782956,Prihodko O.
639988,Domingues J.
252227,Medjedovic H.
382841,Ugo Carabelli C.
589225,Chung Y.
287054,Torres J. B.
170264,Wolf J.J.
466705,Hsu Y. H.
322647,Holt B.
930526,Svrcina D.
709325,Sousa J.
376007,Barrios Vera T.
925109,Krutykh O.
791426,Shelton B.
400540,Jung J.
561713,Gunneswaran P.
935801,Klahn B.
460354,Sugita Y.
995867,Walton A.
433587,Rublev A.
529271,Ruud C.
865826,Sousa P.
835430,Reis Da Silva J.
598150,Andreev A.
564755,Gojowczyk P.
804638,Cazaux A.
786060,Halys Q.
953996,Shang J.
218850,Collarini A.
278682,Wattanakul P.
297447,Chandrasekar A.
200057,Orlov V.
889063,Ochi M.
844761,Koaykul K.
659274,Arnaboldi A.
292466,Diez S.
819255,Campese C.
238403,Zormann Da Silva M.
207007,Mayot H.
389363,Gimenez I.
188216,Mpetshi Perricard G.
704833,Mertens Y.
949289,Clarke J.
209113,Leite W.
333732,Yamacita F.
708905,Paz J. P.
750462,Ivashka I.
822150,Moutet C.
418622,Etcheverry T. M.
986053,Cerundolo F.
494252,Gaio F.
536679,Khachanov K.
677372,Altmaier D.
370114,Charoenphon Y.
619204,Hanfmann Y.
701944,Norrie C.
430976,Ly Nam H.
145031,Durasovic V.
122001,Merida Aguilar D.
695936,Blanch U.
884091,Harrison C.
128021,Bonadio R.
166222,Luz O.
922003,Stodder T.
613323,Galan D. E.
341458,Bagnis F.
945948,Dimitrov G.
179007,Schwartzman D.
853474,Davidovich Fokina A.
771361,Carreno-Busta P.
808126,Choinski J.
486945,O'Connell C.
529592,Nardi L.
251549,Taberner C.
739898,Gulbis E.
628610,Giannessi A.
889942,Isner J.
527783,Cressy M.
646738,Daniel T.
105664,Valkusz M.
556263,Zhu E.
311520,Chardy J.
786070,Coppejans K.
587699,Geerts M.
153141,Sandgren T.
396168,Mejia N.
345517,Shevchenko A.
751832,Merino A.
410802,Herrera B.
890951,Drzewiecki K.
580721,Castro C.
403235,Bancalari A.
345507,Gutierrez O. J.
428449,Tatlot J. S.
822089,Heyman C.
392013,Bu Y.
368199,Celikbilek A.
313617,Broom C.
613482,Beaupain S.
713972,Gakhov I.
646895,Poullain L.
686469,Hemery C.
703626,Ernaelsteen V.
138042,Ghibaudo A.
915895,Wessels L.
432652,Nagal S.
451122,Colson T.
681223,Serdarusic N.
210284,Ficovich J. P.
508090,Skatov T.
526871,Lama G.
680600,Agamenone F.
304009,Misolic F.
923060,Virtanen O.
240504,Pouille L.
257665,Paire B.
682682,van Assche L.
211353,Onclin G.
737689,Takahashi Y.
618626,Bayldon B.
257033,Puttergill L.
409106,Taylor J.
459175,Searant R.
168420,Braithwaite T.
374024,Mehrotra A.
654101,Mott B.
358644,Wehnelt K.
164915,Bachinger M.
362160,Mora M.
919241,Haerteis J.
948801,Giunta M.
592325,Cox D.
266426,Angele J. F.
346746,Boika L.
496375,Brymer G.
743265,Cozbinov A.
236397,Alcala Gurri M.
377181,Setkic A.
662436,Lapadat J.
453397,Florig P.
349509,Mostardi N.
811600,Martineau M.
186820,Young D.
318629,Hopper J.
333059,Mayo A.
373031,Brumm J.
715824,Baadi T.
994149,Papac T. E.
806639,Gaal C.
603279,Sekiguchi S.
909566,Jahn J.
999630,Lopez San Martin A.
557609,Damas M.
807189,Broska F.
339931,Stebe C.
921635,Alvarez Varona N.
588261,Rehberg M. H.
552612,Kodat T.
559681,Kwiatkowski T. S.
149795,Zhang Z.
960280,Pinnington Jones J.
207066,Rybakov A.
813264,Delaney Ja.
992921,Chappell N.
355897,Romios M. C.
108980,Hazawa S.
697602,Jasika O.
769210,Marcora R.
471672,Moro Canas A.
629355,Rosol L.
189402,Hoang A.
574441,Landaluce M.
526287,Topo M.
649700,Moroni M.
298892,Pecotic M.
626903,Sachko V.
207923,Michelsen A.
938897,Fancutt T. J.
581502,Johnson S.
239088,Harrison R.
470661,Masur D.
563100,Kirchheimer S.
690370,Svajda Z.
469743,Sultanov K.
770991,Petrovic A.
797973,Barrientos N.
752237,Milushev A.
624813,Dellien H.
601224,Borges N.
925133,Vaise T.
735955,Olivetti A.
913407,Jorda Sanchis D.
132723,Chidekh C.
427009,Kadhe A.
877240,Tkemaladze Z.
474240,Caruso S.
756514,Middelkoop M.
947022,Grenier H.
770167,Tverijonas J.
997995,Metreveli A.
687960,Muniz Hidalgo A.
493017,Purtseladze S.
704999,De Bernardis A.
432567,Shelbayh A.
325598,Ocleppo J.
309924,Basilashvili N.
143029,Sock J.
156314,Llamas Ruiz P.
233032,Demin Y.
783363,Gaubas V.
115222,Kopriva V.
723005,Pella G.
952560,Shapovalov D.
431960,Gerasimov E.
210896,Pontjodikromo S.
269224,Singh D.
659370,Nouza P.
364706,Jebavy R.
375993,Popyrin An.
699788,Reddy R.
679837,Cuenin S.
825354,Paulson A.
880911,Dinev D.
143613,Bourgue M.
461707,Bittoun C.
914305,Tomescu D. A.
931900,Jecan M. A.
545410,Kirci K.
619233,Droguet T.
412512,Martin Tiffon P.
423301,Ferrari G.
679268,Uesugi K.
424097,Braynin A.
617562,Safwat M.
474237,Fognini F.
124817,Borg L.
713575,Poljicak M.
297247,Atlangeriev B.
410222,Qaed Y.
165843,Van De Zandschulp B.
115728,Alcaraz C.
768744,Thiem D.
559906,Zayid M. S.
605136,Ribeiro E.
816521,Ganesh M.
124825,Carollo N.
493807,Santillan A.
530731,Copil M.
347423,Forti F.
162333,Tomic B.
400349,Maginley J.
469151,Gueymard Wayenburg S.
849120,Brancatelli G. T.
618548,Markes C.
164986,Panta J.
924996,Flores J.
262073,Arnaboldi F.
712476,Rodriguez A. M.
697444,Doria L.
500155,Wong C.
261530,Gomez L.
542364,Rodriguez C.
202844,Rodenas P.
618279,Chopra K.
906225,Karatsev A.
732840,Bublik A.
153846,Rincon D.
114285,Koepfer D.
734898,Dev S D P.
237834,Kuzmanov D.
859641,Gray A.
125833,Kypson P.
222201,Ponwith N.
250078,Van Deinse J.
942708,Serafini M.
632715,Bellucci T.
352486,Carr S.
964526,Al Allaf K.
380805,Sureshkumar M.
169304,Oberleitner N.
483028,Rahane N.
685391,Sinha N. K.
251143,Lapalu V.
237107,Eysseric J.
353037,Cukierman D.
354092,Kaliyanda Poonacha N.
120732,Gea A.
402865,Jaziri M.
132962,Lock B.
109598,Guinard M.
757545,Lopez F.
763559,Khotchenkov E.
355151,Casanova A.
719536,Madaras N.
538591,Stepanov T.
595383,Bobrov B.
657233,Ajdukovic D.
741766,Forejtek J.
313246,Estrada E.
416697,Damm M.
527695,Basic M.
605769,Butvilas E.
599396,Brunold M.
950714,Sels J.
849776,Fratangelo B.
721837,Ionel N. D.
622434,Olivieri G. A.
665301,Lemaitre L.
135443,Pacheco Mendez R.
512382,Fatic N.
824856,Kis Balazs R.
531202,Matvievici E.
348458,Fayziev S.
422585,Boros A.
583198,Kuzuhara B.
312908,Heide G.
130929,Villalon N.
382040,Torrealba B.
648365,Bocchi L.
759099,Benchetrit E.
857438,Boyer T.
826553,Cassone M.
889570,Melzer G.
211205,Fuele M.
594158,Blanchet U.
142954,Balzerani R.
959892,Moghini G.
979267,Schaer J.
224736,Compagnucci T.
844987,Bertrand R.
524978,Kovkin D.
895310,Basic N.
640714,Nincevic F.
250867,Reco A.
720882,Matuszewski P.
263758,Dalla Valle E.
287389,Gobat A.
372884,De Rueda De Genover I.
712894,Kivattsev K.
337247,Nijboer R.
638437,Verbeek S.
314799,Castelnuovo L.
714712,Garcia Mestre J.
150774,Pichler D.
571841,Kasnikowski M.
592432,Pujol Navarro B.
827386,Kobelt N.
372504,Sun F.
847354,Blockx A.
178959,Tien L.
391131,Kawakami R.
762973,Dietrich D.
710995,Auger-Aliassime F.
810933,Tabacco G.
459365,Donati M.
212339,Tabacco F.
397043,Esteve L. E.
527929,Rubio Fierros A. F.
684679,Popko D.
846291,Marti Pujolras A.
977820,Jacquet K.
381650,Campana Lee G.
912838,Verno A.
462888,Piraino G.
136505,Martinez Gomez P.
847036,Ahouda W.
400965,Napolitano S.
217861,Zukas M.
939261,Bennani R.
916714,Lalami Laaroussi Y.
977430,Moundir A.
500206,Burruchaga R. A.
424916,Vallejo D.
808350,Balazs A.
712776,Catarina L.
609806,Markovina D.
578597,Perez Contri S.
753178,Mikrut L.
234787,Jodar R.
880572,Sciglitano L.
251792,Nettles J.
406901,Potenza L.
229652,Strode I.
240560,Barranco Cosano J.
166863,Marti J.
843564,Di Nicola G.
453953,Del Federico A.
748946,Cretu C.
978252,Picchione A.
330206,Castagnola L.
587581,Peliwo F.
790695,Roveri Sidney G.
629109,Bergevi F.
974089,Juarez F.
292662,Boschmans T.
839524,Sakamoto P.
333328,Jauregui Sainz De Rozas R.
829065,Loureiro J. V. C.
876481,McHugh A.
458467,Schenekenberg G.
736560,Cigarran T.
469945,Glinka D.
489812,Sotelo A.
550326,Mena F.
396985,Aubriot A.
634314,Justo G. I.
678968,Nanda G.
527048,Bigun K.
279777,Prado Angelo J. C.
838470,Gomez F. A.
385249,Williams C.
968121,Vale D.
855371,Nakagawa N.
184634,Kang K.
609865,Rodrigues P.
258056,Monfils G.
151477,Feldbausch K.
827003,Fonseca J.
472702,Shin W.
216647,Shin S.
227550,Ito T.
464420,Lee D. H.
328494,Rikl P.
204156,Barton H.
231513,Kellovsky D.
588704,Galloway R.
178761,De La Fuente S.
216233,Hoyos Franco A.
245605,Lipovsek Puches T.
817086,Gagliardo L.
811835,Baker B.
529305,Sigouin B.
970836,Arcuschin R.
742506,Istomin D.
868656,Kestelboim M.
468512,Farjat T.
524097,Crawford O.
326698,Chung H.
191042,Vesely J.
160629,Mochizuki Y.
563179,Han Seon Yong
460034,Kalina V.
509215,Barnat J.
570601,Salazar A.
375537,Ortiz Gamonal D.
277590,Gimenez J.
169201,Torres Fernandez B. I.
847553,Sanna A.
100729,Hrazdil J.
133599,Nedovyesov A.
423822,Ivanovski K.
904801,Tepmahc N.
984650,Bondioli F.
923404,Park U.
314495,Son J. H.
825007,Jebens H.
793335,Weissborn S.
509548,Roncalli S.
973935,Ann S.
733302,Djuric B.
924861,Lazic M.
149936,Piatti R.
536205,Carboni L.
802302,Lee J. M.
754984,Saitoh K.
918673,Tokuda R.
417986,Pel D.
129198,Ujvary M.
270440,Kopp S.
587373,Wenger D.
871822,Maccari F.
374838,Gola A.
502076,Golubev A.
218577,Stevens B.
263387,Ben Abdelwehid M.
312255,Reymond A.
562950,Hermassi R.
867893,Labbene Y.
551068,Rodrigues D.
583969,Habib H.
501935,Milev Y.
833545,Markovski O.
361914,Haliak M.
647592,Srbljak G.
309231,Strombachs R.
646563,Moeller M.
746712,Gavrielides L.
553045,Artnak B.
340633,Cherie Ligniere E.
854954,Hussey G.
115414,McCormick T.
234680,Zheng M.
815558,Rottoli L.
128538,Pospisil J.
796397,Karol M.
546349,Tsitsipas Pe.
395735,Wendelken H.
568380,Samuel T.
269077,Nejedly P.
784294,Fery A.
779590,Monday J.
694572,Kim A.
460710,Whitehouse M.
978400,Pokorny L.
251007,Kym J.
148850,Neff A.
791181,Loof T.
205386,Gabriel N.
825187,Kravchenko G.
569417,Lanik T.
271262,Weber A.
778467,Malige M.
626314,Martinez M.
901461,Hallquist Lithen J.
222973,Wiersholm H.
112596,Krajci M.
451828,Paris T.
600096,Rola B.
640404,Raonic M.
799413,Privara P. B.
935169,Kyrgios N.
806525,Draxl L.
170081,Loffhagen G.
876588,Nishikori K.
877811,Pow L.
733634,Brosset S.
518120,Blus A.
585320,Te R.
586543,Zgola B.
671590,Sarria M.
570374,Pena E.
164870,Rengifo F.
825679,Gomez J. S.
387253,Gima S.
360582,Moroni F.
831532,Bailly G. A.
967184,Zanellato N.
214363,Soriano Barrera A.
706473,Soto M.
636641,Blanch D.
257836,Little D.
487642,Bosio G.
550468,Parenti L.
901960,King E.
611577,Leroy C.
466529,Lilov V.
566606,Cuevas P.
682461,Urrea A.
839531,Uribe Quintero A.
194018,Brown P.
799940,Mayo K.
361668,Santamaria F.
567201,Voisin E.
552546,Snitari I.
246074,Bielinskyi V.
654340,Dominko S.
307332,Engel J.
531667,Carnevalle L.
463686,Garcia Longo N.
344758,Hollender N.
932491,Handel T.
445958,Inchauspe P.
590478,Pini F.
349915,Zeitune G.
421652,Faigenbaum F.
466936,Iannaccone F.
611958,Carou I.
288805,Tacchi L.
134531,Corthey L. A.
287673,Dellavedova M.
814182,Beauge M.
913689,Tresca G.
533940,Alarcon B. D.
420012,Mouilleron Salvo M.
845138,Maloney P.
272711,Guillen Meza A.
374567,Martin A.
536397,Clark E.
782882,Boulais J.
111002,Baris O.
660403,Kingsley C.
193495,Lingua Lavallen A. L.
924009,Basavareddy N.
854887,Spizzirri E.
763876,Onofrei M. C.
349439,Paisvant R.
704811,Waldner N.
608291,Massacri B.
108083,Salomone F.
710694,Lopez Montagud C.
475007,Schell N.
145063,Cazacu D. N.
530698,Trinker J.
482406,Meduri A.
384135,Horvat R.
173075,Bilardo J.
656303,Emesz B.
636148,Dancu V. A.
723384,Majdandzic M.
291519,Lane L.
519101,Zeballos F.
167398,Quinn E.
826730,Renard L.
252550,Troost S.
697573,Coulibaly E.
126747,Zvech Flaborea M.
609248,Agostini S.
702851,Vasser O.
427741,Klok D.
646939,Rossi L.
675102,Pohjola P.
947424,Badini S.
861773,Van Sambeek F.
709148,Weekes J.
604025,Vives Marcos P.
766996,Stakusic M.
364912,Martin D.
812415,Visker N.
557178,Trotter J. K.
297592,Sheehy J.
474902,Kaukovalta P.
964130,Bicknell B.
670936,Montes-De La Torre I.
141595,Erel Y.
719480,Den Ouden G.
422159,Moller E.
382028,Anderson K.
810212,Deckers A.
130774,King K.
505718,Mokrov A.
122530,Philippov E.
803400,Voronin S.
866068,Mossur M.
827727,Zgirovsky A.
557908,Speronello M.
751719,Guerrieri A.
254847,Bouquier A.
290656,Aitkulov A.
130193,Pennaforti G.
161172,Zatsepin V.
227137,Simakin I.
224062,Watanabe S.
341466,Lopez N.
169205,Di Natale G. M.
488704,Herrero N.
632954,Chan Baratau M. L.
718557,Cachipuendo Calderon F. J.
346879,Perez I.
557947,Bernard A.
839635,Liaonenka A.
457309,Maulenov T.
126281,Diaz Jalil A.
661093,Singh K.
663004,Andrade A.
436517,Orynbasar I.
330426,Kimhi O.
232956,Vincent Ruggeri S.
623039,Schwaerzler J. J.
810765,Miedler L.
120932,Kittay B.
408054,Polansky P.
137770,Alvarez Valdes L. C.
499534,Giorgetti F.
272673,Juszczak P.
624413,Recek D.
586854,Naw H.
148575,Heller P.
503349,Negritu Ch.
501250,Cubelic K.
109817,Cerny M.
898204,Krumich M.
590265,Wallart E.
162106,Roberts J.
491702,Pannu K.
893864,Andaloro F.
108835,Stephenson E.
658826,Maia H.
564581,De Rossi M.
848198,Schnur B.
569611,Sperle J.
402794,Wayand J.
401075,Smith J. P.
131449,Zink T.
239363,Beltre J.
521929,Munoz E.
464265,Barreiros Reyes M.
185358,Tomic R.
754272,Vanshelboim E.
806030,Rossi A.
170772,Molchanov D.
919052,Balestrieri A.
838007,Petrovic D.
299739,Gill F.
902962,Popovic S.
582285,Gentzsch T.
955317,Williams A. J.
884955,Poling K.
334562,Vandecasteele Q.
290063,Dostanic S.
234217,Kuhn N.
221419,Nedic A.
789849,Seelig K.
584950,Bertran P.
930903,Matta A.
337472,Burnett E.
698654,Chaudhary A.
270865,Kamrowski M.
654569,Liutarevich I.
772779,Poljak D.
921897,Kielan S.
659125,Rice K.
306102,Fenty A.
409851,Harper C.
159724,O'Hoisin O.
254154,Catanzariti A.J.
235297,Berkieta T.
949192,King D.
473032,Kuznetsov An.
210588,Hsieh C.
451681,Ho R.
452267,Li H.
615117,Siniakov D.
643477,Donski A.
647546,Prechtel S.
217638,Nicod J.
211530,Ursu V.
442980,Varillas R.
279113,Ballotta G.
963351,Tenti F.
722801,Rodriguez S.
827607,Buitrago N.
978470,Cid Subervi R.
212779,Wang X.
385924,Filip J.
924641,Zhou Y.
941074,Li Z.
723652,Bai Y.
377680,Buse I.
277499,Sheyngezikht L.
516614,Denisov I.
501441,Giotis R.
319142,Ivanov I.
423708,Sijsling I.
489183,Almazan Valiente I.
343391,Liu H.
747544,Cui J.
709168,Xiao L.
826857,Jiang Y.
362545,Kalovelonis M.
355962,Ozdemir S. M.
172516,Faure V.
656381,Verdese G.
193940,Tailleu P. A.
279975,Butulija B.
791393,Ilhan M.
864927,Tiurnev E.
899245,Cadenasso G.
126078,Sorrentino L.
703324,Noce G. M.
118651,Mu T.
339052,Zhang L.
511933,Zakharov A.
668564,Winter Lopez B.
465249,Barreto Sanchez D. A.
175290,Romboli F.
757168,Lawson A.
560702,Vasa E.
619401,Lopez Morillo I.
625172,Cervantes I.
757057,Duran T.
624560,Oliel Y.
780895,Zeng Y.
421912,Yin B. S.
625253,Dong B.
121601,Walkow S.
776192,Wang A.
365057,Krolikowski K.
934528,Bouquet L.
617508,Szajrych J.
466750,Arribage T.
727483,Le Bourjois V.
100315,Jones B.
321872,Ticona J.
391763,Staeheli L.
406616,Garcia R.
863140,Johns G.
872183,Corwin F.
430928,Sun Qian
799386,Mo Y. C.
922808,Brady P.
478693,Jansen W.
807136,Veldheer M.
179033,Dumitru A.
872783,Kobierski J.
803277,Matsuda R.
897767,Alimli M.
779430,Ihlenfeld N.
350643,Cash R.
606939,Stater A.
131176,Cabrera M. A.
403978,Stearns P.
317202,Becerra Otarola I. A.
819819,Leon Macchiavello J.
590671,Nakashima B.
813581,Klier Junior G.
818133,Anthrop J.
131904,Wang C.
721907,Sorger S.
662322,Tracy J.
792829,Khadka P.
542953,Leung H. T. M.
420195,Qabazard E.
985659,Naif R.
763196,Alqahtani B.
217907,Khan A.
493280,Barki J.
631622,Wong H. K.
883884,Gautier A.
425375,Dlimi Y.
900564,Price S.
844790,Ferreira G. A.
568336,Munkhbaatar B.
882213,Claverie L.
810704,Osorio J. S.
786116,Rodriguez J. A.
944295,Gulin S.
542605,Saraiva Dos Santos P. A.
702091,Albieri M.
939153,Echeverria J.
690570,Nusdeo J. M.
348215,Schiessl J. E.
935742,Martin B.
566975,Svajda T.
834573,Wendler Filho J.
292570,Camargo Lima E.
624548,Boitan G. A.
894083,Turriziani Alvarez A.
932784,Nad P.
720648,Monferrer E.
713618,van Wyk K.
111952,Yang J.
748071,Huang T.
701137,Chen X. D.
474255,Tang S.
578589,De Cuyper J.
951476,Tang J.
367691,Agabigun S.
679476,Weightman O.
989370,Schnaitter J.
654806,Novo I.
794561,Chen C.
319267,Evans T.
233726,Jones S.
366144,Kiger M.
192835,Matsuda K.
177145,Pecci A.
569671,Marmousez L.
172747,Hamza Reguig S.
211311,Buldorini P.
208368,Prinoth P.
965462,Tosetto R.
834373,Horak V.
182543,Marinkov P.
948577,Court J.
737227,Giacomini L.
918412,D'Agostino S.
575622,Van Rensburg S.
651376,Bouzige M.
679092,Pearson K.
203256,Fumagalli F.
400619,Larrea Sicco M. M.
323424,Kiefer A.
226406,Bradshaw J.
821312,Seggerman R.
390043,Opelka R.
978886,Otsuka K.
396716,Nakamura G.
889029,Kusuhara Y.
569045,Nishiwaki K.
460411,Paldanius O.
263107,Saatela L.
532503,Johnson L.
282192,Stevenson K.
923950,Potter E.
340883,Sorbo J.
682681,Van Orderlain D.
628186,Muamba N.
945813,Kotzen A.
953782,Wiedenmann L.
303483,Katayama S.
281352,Aguilar J. C. M.
332395,Hede L.
241752,Aguilar Cardozo F.
460364,Pieczkowski O.
198285,Roux E.
238774,Llanes F.
563792,Xu K. Q.
423158,Debru M.
920920,Heck H.
746756,You J.
779098,Oetzbach A.
133189,Aguilar Cardozo J.
211892,George B. T.
243905,Okonkwo O.
336744,Rodesch C.
850495,Roncadelli F.
362888,Ichikawa T.
494608,Miyoshi K.
476017,Tajima N.
192313,Mindrut L.
648569,Parisca I.
706618,Margaroli L.
583886,Oliveira N.
852781,Sakamoto R.
485899,Steinegger Y.
201630,Sanada S.
184017,Imamura M.
667154,Shiraishi H.
676218,Gonzalez Fernandez M.
863722,Bertuccioli F.
878608,Silva T.
549335,Silva J. D.
226118,Santibanez S.
972384,Fernandes R.
984532,Iamachkine P.
553520,Menzel T.
161117,Matusevich A.
731934,Keys M.
357952,Trevisan M.
255338,Papamichail D.
218416,Bencic B.
921185,Hives Z.
151624,Cornet A.
814118,Pegula J.
710062,Sakkari M.
152800,Bronzetti L.
646421,Inglis M.
920327,Teichmann J.
464502,Garcia C.
759920,Bonaventure Y.
647835,Stefanini L.
323630,Gracheva V.
745434,Bolsova Zadoinov A.
580393,Hunter S.
187314,Noskova L.
770980,Riske-Amritraj A.
936947,Hruncakova V.
692146,Haddad Maia B.
482165,Uchijima M.
534672,Niemeier J.
651611,Potapova A.
441079,Errani S.
451842,Sebov K.
851560,Birrell K.
721012,Rogers S.
819607,Van Uytvanck A.
425446,Shnaider D.
485516,Bouchard E.
344482,Siniakova K.
421894,Volynets K.
615524,Hibino N.
362890,Frech M.
139227,Swiatek I.
480371,Bucsa C.
729721,Sherif M.
975382,Vekic D.
457861,Parrizas-Diaz N.
610520,Bondar A.
561744,Kalinina A.
685811,Siegemund L.
988932,Golubic V.
956894,Muguruza G.
328017,Pigossi L.
809758,Mertens E.
885728,Cristian J.
945870,Kanepi K.
695399,Badosa P.
824559,Martic P.
684064,Linette M.
626163,Kasatkina D.
707117,Begu I.
510565,Zhu L.
675084,Marino R.
324536,Anisimova A.
221384,Fruhvirtova B.
461778,Fourlis J.
346262,Grabher J.
350535,Rybakina E.
952597,Zhang S.
121013,Cocciaretto E.
809492,Zheng Q.
557676,Pera B.
858188,Raducanu E.
558914,Alexandrova E.
587923,Routliffe E.
737156,Liu C.
595819,Bouzas Maneiro J.
296713,Gauff C.
600745,Cirstea S.
762485,Ostapenko J.
600494,Wang Xin.
688936,Zidansek T.
339700,Vondrousova M.
674631,Wang Xiy.
286370,Samsonova L.
149280,Masarova R.
756180,Kostyuk M.
409001,Andreescu B.
969718,Williams V.
331161,Davis L.
804895,Azarenka V.
126226,Blinkova A.
563551,Muchova K.
638293,Jabeur O.
643635,Giorgi C.
271421,Larke Z.
130972,Topalova G.
768481,Parnaby A.
612291,Taylor L.
114904,Sasnovich A.
830704,Fairclough L.
568609,Rakhimova K.
412476,Martincova T.
506008,Juvan K.
425404,Galfi D.
532132,Tjandramulia O.
199497,Helgo M.
293685,Korpatsch T.
847399,Osborne A.
884844,Pliskova Ka.
908654,Grammatikopoulou V.
393113,Kalinskaya A.
455355,Baindl K.
671871,Parry D.
601584,Kucova K.
288191,Bogdan A.
203674,Monnet C.
103288,Hartono A.
142829,Oz I.
254901,Doi M.
322918,Vicens Mas R.
152735,Peterson R.
862485,Kvitova P.
834140,Pavlyuchenkova A.
936231,Chirico L.
443315,Konjuh A.
825397,Selekhmeteva O.
272544,Avanesyan E.
441252,Stephens S.
254032,Bjorklund M.
788190,Collins D.
265494,Serban R.
913730,Maria T.
237771,Day K.
344636,Jeanjean L.
701534,Krueger A.
444525,Kartal S.
369605,Bouzkova M.
275310,Ruse G.
394244,Zacarias M.
302110,Marcinko P.
542405,Rodionova Ar.
555385,Vickery S.
973113,Jacquemot E.
699414,Naito Y.
275150,Romero Gormaz L.
400866,Zhao C.
880806,Anderson R.
638557,Tig P. M.
681390,Lee G.
926087,Zakharova A.
987862,Baptiste H.
673787,Ponchet J.
537908,Schmiedlova A. K.
104175,Bolton E.
358964,Palicova B.
826019,Mladenovic K.
342785,Rus A.
753020,Stevanovic N.
240894,Alves C.
115828,Jani R-L.
776122,Contreras Gomez F.
684536,Haas B.
804503,Perez E.
861465,Hon P.
350354,Zavatska K.
548563,Astakhova D.
243915,Gasanova A.
529952,Sharma A.
446701,Dolehide C.
663060,Parks A.
460146,Minnen G.
987395,Han N.
957435,Carle M. L.
909013,Friedsam A-L.
869181,Tikhonova A.
425197,Ormaechea P.
615273,Zanevska M.
744498,Kontaveit A.
779188,Aiava D.
252693,Hontama M.
324333,Paolini J.
811222,Ignatik A.
191141,Jang S. J.
199960,Jimenez Kasintseva V.
622836,Chang S.
549141,Kenin S.
358837,Krejcikova B.
656660,Snigur D.
824108,Kudermetova P.
149526,Janicijevic S.
923407,Danilovic O.
887867,Miyazaki L.
429517,Bejlek S.
982666,Muhammad A.
803486,Yuan Y.
828867,Gibson T.
126579,Tsurenko L.
245242,Vandeweghe C.
813190,Yastremska D.
416641,Udvardy P.
914953,Fernandez L.
716715,Sabalenka A.
334255,Fruhvirtova L.
897792,Tomova V.
520895,McNally C.
397015,Gadecki O.
499387,Podoroska N.
948848,Townsend T.
133650,Putintseva Y.
365710,Zuger J.
261807,Eala A.
712759,Plipuech P.
161617,Liang E. S.
961892,Yashina E.
308477,Kato M.
233286,Gao X.
687406,Chanta A.
330724,Waltert S.
334038,Seibold E.
469230,Tubello A.
886250,Okamura K.
228291,Leon S.
612612,Torres Murcia M. C.
331703,Meyer Auf Der Heide L.
402130,Vargas M.
856909,Ospina M.
303568,Andreeva E.
569469,Bassols M.
952727,Swan K.
742413,Brace C.
394647,Monroy Y.
990897,Gleason Q.
970027,Boulter K.
780952,Tararudee L.
111614,Brancaccio N.
803593,Falkowska W.
165337,Ce G.
426426,Partaud M.
866608,Kawa K.
322585,Savinykh V.
630986,Watson H.
989873,Kovinic D.
653254,Brengle M.
251429,Herazo Gonzalez M.
673298,Loeb J.
235561,Perez Garcia M. P.
741705,Arango E.
605920,Lizarazo Y.
988957,Zarazua R.
878209,You X.
769396,Osorio C.
766060,Kalieva E.
449205,Colmegna M.
602501,Strakhova V.
790156,Abduraimova N.
933360,Michalitsch A.
842525,Martins I.
497880,Hiesmair J.
516033,Hindova D.
259144,Stefani L.
907754,Bokor V.
634523,Skoch M.
405670,Gamiz A.
302517,Noha Akugue N.
876368,Kudermetova V.
359411,Tauson C.
750979,Mattek-Sands B.
151617,Al-Naimi M.
805782,Dart H.
405606,Raina A.
919753,Silva E.
658815,Bojica S.
508136,Fernandez L.
937315,Mandlik E.
159143,Rodriguez V.
105318,Sanchez A. S.
182026,Maleckova J.
889635,Burrage J.
690895,Khirin N.
735911,Montgomery R.
688846,Stearns P.
804248,Navarro E.
743028,Hovde L.
780083,In-Albon Y.
264093,Rodina E.
619460,Li A.
791769,Osuigwe W.
673285,Zvonareva V.
840869,Perrin C.
743463,Lys E.
390282,Navarro M. F.
235584,Shymanovich I.
983277,Mediorreal A. V.
873651,Lisicki S.
925025,Mateas M.
879393,Kraus S.
296409,Tkacheva M.
905388,Deichmann K.
703969,Di Lorenzo F.
796484,Khromacheva I.
794930,Jones F.
357328,Crawley F.
568896,Svitolina E.
540114,Scott K.
355591,Sorribes Tormo S.
531454,Barthel M.
192862,Dodin O.
398327,Martinez Cirez C.
655613,Lazaro Garcia A.
146838,Strycova B.
313970,Burillo Escorihuela I.
727666,Andreeva M.
414418,Schoofs B.
497843,Webley-Smith E.
964933,Eikeri U.
413598,Fita Boluda A.
253469,Robbe A.
538390,Dartron E.
162428,Chiesa D.
330777,Bertoldo J.
475260,Cherubini D.
576540,Paoletti M.
604556,Rosatello C.
613068,Pigato L.
650165,Naef C.
108861,Morderger Y.
413935,Nahimana S.
676347,Neel I.
334651,Jakupovic D.
598773,Zhu A.
901632,Ricci B.
799344,Boisson L.
192242,Ferro F.
944663,Paquet C.
689222,Kempen M.
548584,Gabueva A.
291614,Bains N.
556756,Babos T.
543356,Georges M.
591336,Fett J.
625215,Hsieh S-W.
341071,Bai Z.
335853,Iliev S.
928485,Kabbaj Y.
526255,Deppner S.
526053,Hesse A.
261026,Govortsova O.
141418,Mpetshi Perricard D.
104163,Bulgaru M.
381645,Hobgarski K.
711882,Rouvroy M.
348248,El Aouni A.
394732,Timofeeva M.
651454,Ruzic A.
319137,Buyukakcay C.
289001,Burel C.
670831,Bandecchi S.
141528,Tan H.
762933,Semenistaja D.
611628,Radovanovic N.
679599,Chwalinska M.
382331,Wickmayer Y.
885767,Riera J.
896973,Gorgodze E.
103995,Prisacariu A.
501465,Gjorcheska L.
123538,Sramkova R.
802714,Dmitruk K.
282430,Cavalle-Reimers Y.
216320,Maristany G.
159693,Makarova E.
410890,Preston T.
434532,Cabrera L.
286291,Garland J.
479475,Andrienko M.
233310,Vedder E.
826437,Bektas E.
920975,Fomina-Klotz A.
529319,Cortez Llorca L.
175731,Appleton E.
349378,Papadakis L.
314104,Rajecki A.
260262,Boskovic L.
337480,Sonmez Z.
113910,Pattinama Kerkhove L.
631483,Seidel E.
658597,Saville D.
453651,Melnikova M.
347598,Guth M.
403306,Hercog P.
785583,Falconi I.
936813,Xu M.
930140,Havlickova L.
474730,Cepelova J.
933777,Brogan A.
997652,Anshba A.
390891,Lansere S.
693081,Volodko K.
178679,Bergkvist Larsson B.
831755,Gavrila O.
710939,Bara I.
814503,Krunic A.
470739,Zaar L.
239166,Taraba Wallberg N.
789917,Andrianjafitrimo T.
661928,Bertea A.
890144,Erjavec V.
943543,Cengiz B.
790018,Siskova A.
449857,Cadar E.-T.
723286,Craciun G. A.
484744,Varga V.
828615,Kantor A.
137430,Stolmar R.
265061,Simionescu D.
831574,Christie F.
206345,Bartha P.
589935,Prozorova T.
831896,Wagner S.
568028,Di Paola G.
341994,Darken Z.
848906,Greco G.
235216,Spiteri D.
111423,Ristic M.
205744,Zantedeschi A.
384199,Todoni A. A.
698016,Szabanin N.
505128,Amariei I. D.
431443,Stollar F.
360863,Toth A. K.
735684,Klaffner M.
931527,Kanev K.
356283,Kubka M.
640674,Duerst J.
943625,Morderger T.
125061,Salkova D.
345206,Smejkalova A.
981555,Aney J.
766389,Knutson G.
532196,Ngounoue C.
359973,Brady J.
608864,Wozniacki C.
927809,Wang Y.
713379,Hewitt D.
852825,Thandi K. K.
714095,Sieg M.
906693,Ninomiya M.
483842,Fung S.
210654,Yepifanova A.
979523,Jebawy J.
725684,Kozarov K.
123431,Smith A.
728397,Blake E.
892928,Fetecau I.
958557,Lepchenko V.
557168,Hu V.
202868,Hanford R.
392154,Hozumi E.
609965,Allen K.
696314,Stoiana M.
976242,Starodubtseva Y.
791697,Hatouka Y.
448529,Jones M.
518976,Benoit M.
199761,Beck C.
412774,Glozman V.
792466,Kaji H.
421789,Kessler M.
543786,Sakatsume H.
623550,Moratelli A.
111683,Ruggeri J.
112056,Paganetti V.
304646,Kobori M.
683725,Park S.
631331,Popa M. S.
543394,Dinu C.
530449,Bayerlova M.
967822,Lahey A.
156744,Potocnik N.
912483,Sakellaridi S.
483379,Lovric P.
611334,Ciric Bagaric L.
571895,Oliynykova O.
512224,Falkner Z.
126021,Milic E. N.
689373,Lamens S.
760197,Schuurs D.
966723,Niculescu M.
140318,Melichar-Martinez N.
681751,Shibahara E.
935745,Kalashnikova O.
543285,Dang Y.
892943,Lumsden M.
472027,Liu L. Y.
698042,Shan Y.
398728,Miroshnichenko V.
739765,Ma Y.
389789,Tomljanovic A.
363579,Alvisi E.
300228,Pedone G.
435018,Yang Y. Y.
580353,Olmos G.
500520,Wei S.
741554,Li Z.
817090,Matsuda R.
888877,Hosogi S.
354962,Zheng W.
891081,Wang M.
397428,Khan S. I.
643947,Suhail U.
275019,Alhogbani Y.
220871,Olimjanova S.
969052,Lau J.
704715,Gumulya B.
611401,Safi M.
474056,Bista A.
334791,Ainitdinova G.
966655,Sagandikova A.
524387,Yuldasheva S.
397405,Karunaratne A.
797291,Tjen J.
970580,Tian F.
631913,Kim D.
927963,Che S. Y.
791057,Shapatava S.
840990,Ng M.
430510,Jiang X.
421236,Yamaguchi M.
718010,Tsao C. Y.
914707,Korneeva A.
485567,Ku Y.
824175,Back D.
882868,Wu Ho C.
191524,Rompies J.
859150,Hou Y.
503957,Detiuc A.
601420,Mihalikova T.
966559,Bechri C.
631001,Gae M.
188197,Ben Hassen F.
844493,Heisen V.
222899,Ghioroaie I. G.
515592,Bartunkova N.
975493,Wang Y.
839545,Regalado Macias F.
952830,Hinojosa Gomez J.
611008,Schekaiban D.
651561,Kolodynska J.
280059,Kinard T.
460138,Sun L.
420409,Stakusic M.
272547,Radivojevic L.
435950,Jamrichova R.
551013,Paszek T.
519047,Sierra S.
316374,Perez Alarcon L.
200984,Seguel D.
458195,Capurro Taborda M.
948690,Rogers A. S.
806694,Estable L. J.
143211,Naya G.
465575,Sevastova A.
512327,Giovannini L.
461549,Charaeva A.
798845,Mitu A.
641848,Sobolieva A.
950882,Giavara H.
534553,Lodikova D.
967200,Albie A.
240339,Kingsley R.
694009,Bohrer Martins C.
518337,Rodriguez J.
221817,Curmi F.
309272,Berecoechea N.
305997,Podrez V.
139468,Walkin B.
471666,Winter H.
891847,Gadecki T. N.
534316,Isaro P.
895024,Sharipov M.
655326,Marques D.
996647,Hoole C.
429215,Rubin N.
476400,Trongcharoenchaikul W.
674726,Becroft I.
395161,Klintcharov A.
474694,Sitak A.
249380,Loutit J.
366436,Rodriguez L. J.
661605,Darderi V. A.
869421,Gurmendi A.
991511,Vankan M.
593981,Meneo T.
872785,Eli N.
646674,McKennon M.
262713,Bullard J.
172311,Godsick N.
173328,Goldhoff G.
587221,Jucha W.
963153,Villard N.
488220,Strode E.
456792,Ilagan A.
802840,Majchrzak K.
437720,Sorensen L.
418999,Kumasaka T.
449567,Isomura K.
694382,Schachter N.
242771,Zahraj P.
854781,Britto L.
972946,Silva M. E.
943946,Mahenthiran A.
346928,Aduru V.
211666,Parizzia N.
869214,Altamirano C.
797441,Hulme M.
498578,Klizan M.
794554,Bogo E.
550461,Grant W.
847372,Imai S.
698279,Naumovski M.
752579,Senthil Kumar R. P.
187832,Shanmugam A.
712688,Dzhavakian Y.
858679,Stewart H.
271560,Frydrych V.
376686,Canter A.
320547,Gomez G.
463510,Houghton G.
285319,Barton J.
491780,Walters M.
647538,Searle H.
792635,Vishwakarma S.
238696,Vylegzhanin N.
910515,Kalyanpur A.
619727,Gusic Wan B.
913839,Gadamauri B.
158018,Bar Biryukov P.
900765,Habib A.
848003,Rivet M.
979992,Davis J.
425452,Vandermeersch C.
943971,Abduljalil E.
808185,Agafonov E.
905672,Bax F.
324870,Robertson C.
931148,Nawaf R.
488938,Paparkar A.
442341,Ortiz Gonzalez K.
977434,Dussin L.
238388,Camus C.
454416,Aggarwal P.
501920,Yuzuki T.
238301,Niyigena E.
597558,Asaba A.
169063,Fantini L.
915975,Muhire J.
366929,Lyeons J.
489864,Hakizumwami J.
709636,Muhamad Rifqi F.
369900,Habiyambere E.
369881,Zusman R.
510268,Denolly C.
444549,Ouakaa A.
635485,Nakamura R.
690602,Ishimwe C.
469688,El Sallaly A.
854990,Ganta S. K. R.
477527,Sonaglia J.
952396,Davila Gasser E.
975626,Doria-Medina C.
329555,Franco T.
148280,Iradukunda G.
773334,Woestendick C.
363260,Meszaros P.
802413,Kincses K.
418202,Jan-Henrik P.
220781,Agwi M.
618063,Marysko V.
832742,Stringfellow B.
475222,Fajta P.
533302,Wallner M.
808285,Rohseano L.
950210,Brunclik P.
464700,Steden N.
208336,Delgadillo G.
175571,Delgado G.
971707,Vergara del Puerto M. A.
170520,Freund S.
170872,Herrera D.
802274,Gonzalez Benitez F.
431397,Nikles J.
435480,Hilderbrand T.
746069,Escurra Isnardi H. J.
536921,Dodig M.
784304,Hernandez A.
547689,Font O.
829193,Regas Luis Ni.
576445,Almeida J.
266819,Valle S.
622486,Ingildsen J.
411605,Giudici G.
276726,Avila A. L.
312349,Balfour Dominguez S.
990087,Ishikawa H.
150251,Rebelo D. V. C.
652646,Karmoussi H.
970650,Bustamante D.
575207,Naharro D.
233998,Nys H.
154152,Lee J.
212888,Brkic J.
451429,Lara Salmeron D.
478283,Frusina A.
226745,Padilla Cote S.
509426,Kelm Y.
128884,Jang Y.
858732,Cundom J.
546149,Ribeiro Lago E.
407470,Guercio L.
423929,Razeghi A.
540335,Mayew I.
783203,Del Pino M.
377646,Delgadillo A.
895281,Sell K.
960205,Fernandez B.
539548,Vilicich B.
411624,Lehmann N.
499129,Camilli G.
926127,Duda F.
796684,Nefve A.
747299,De La Pena B.
159507,Ribero F.
240035,Falabella L. A.
193768,Blanch Dar.
206493,Yang Z.
665846,Remondy Pagotto V. H.
215159,Wang J.
337037,Miguel L.
725629,Ribeiro de Almeida G.
131563,Pinto L.
443847,Cury Bueres M.
184208,Bagnolini D.
654744,Hanzelin F.
177693,Ferraz Sandoval Carvalho L. F.
345918,Prudencio J. P.
476132,Alvarez N.
889782,Chen Y. C.
622919,Masabayashi T.
528011,Fukuda S.
839057,Spiridon D. C.
823118,Efstathiou M.
543332,Lomakin G.
111442,Deari S.
363876,Zhu M.
618727,Grabul D.
286712,Lobanov A.
805580,Tsitsipas Pa.
157203,Dedura D.
759899,Pawelski M.
243632,Faurel T.
360182,Bakshi A.
600435,Quan R.
735210,Biljesko D.
795410,Maricic L.
616252,Valente R.
504439,Valiev I.
634587,Karakachian G. A.
200302,Kumar P.
497872,Poertner L.
162443,Koolhof W.
515552,Nadal J.
103808,Lavoratori P.
766624,Genovese P.
341133,Garcian A.
313667,Fearnley J.
393004,Dous Karpenschif J.
852320,Adams H.
758816,Li C.
983618,Alvarado Berrospi A. O.
632445,Martin A.
118306,Cossu M.
367645,Hudd E.
920233,Lechno-Wasiutynski F.
692138,Dellien I.
772320,Lhomond I.
175799,Cuellar Lorberg A. E.
403001,Sibille I.
603391,Nunez D. A.
806305,Castaneda M.
723552,Nesterov A.
639555,Cina F.
442952,Stepanov R.
802383,Bara F. G.
333682,Romano F.
416723,Sabanov I.
334405,Salazar D.
953735,Whiting T.
811950,Caniato C. A.
418578,Nesterov P.
468338,Pavel B.
851841,Berge A.
975478,Chapoutot H.
965712,Bancila A.
964417,Kuhar M.
873072,Gimeno Valero C.
560240,Valsecchi P.
320404,Braswell J.
763280,Genier T.
277664,Bonnaud A.
169736,Deschamps T.
602087,Palosi S.
682005,Tammaro M.
702777,Chirita I. A.
732337,Henning B.
613875,Fix D.
470790,Papoe R. M.
805422,Schipor E. S.
344209,Marinescu M. R.
364070,Pampanin P.
125304,Slump S.
737659,Gheorghita S.
200439,Turcanu R. D.
369431,Tudorica A. N.
980740,Obradovic D.
825242,Hermans M.
536383,Hipfl N.
552403,Maratuly I.
884208,Sanz Muela H.
677375,Yerdilda Y.
357286,Syromolotov Netrebin Y.
397677,Segado Esteve R.
455172,Elicha Navas G.
590409,Wassermann D.
688437,Ganesan A.
432867,Ivanov S.
638708,Planinsek F. J.
784587,Arseneault N.
815351,Cejudo M.
946142,Omarkhanov A.
135427,Pedrico Kravtsov A.
244539,Zmak D.
601879,Eriksson S.
838261,Sciahbasi M.
476885,Martinez A.
864575,Uzhylovskyi V.
146721,De Krom M.
216550,Rikkonen R.
237390,Marrero Curbelo I.
897238,Von der Schulenburg J.
128759,Vasa I.
469956,Garcia Gomez H.
800764,Tamm K.
996439,Teichmann R. J. A.
737647,Sanchez Quilez A.
880015,Wiskandt M.
217182,Sciahbasi L.
777461,Bernet H.
347687,Stenzer M.
182052,Mertgens N.
797497,Petak D.
937437,Cabral F.
109058,Graca J.
193241,Ruehl T.
160077,Kucera J.
643769,Braswell M.
710658,Salle F.
653865,Catini N.
123878,Minighini D.
261837,Kobelt A.
989024,Smith C.
885291,Sysoev N.
279254,Heredia S.
819182,Bilicic H.
306761,Wells C.
956598,Arcila A.
296143,Perez B.
699604,Shepp A.
629357,Rapagnetta D.
228494,Lock C.
539334,Ricca G.
609078,Plenkiewicz H.
181052,Vulpitta G.
920058,Mintz Z.
865999,Miletich I.
490387,Pavlovic L.
453281,Gandini A. J.
276531,Cruz J.
245703,Shick B.
405677,Ambarzumjan E.
310957,Basile P.
554088,Suresh D.
770363,Fishback R.
853276,Pang R.
299560,Kirov V.
965659,Ivanov S. A.
206261,Dong Z.
240667,Li Z.
956932,Lazarov G.
669340,Zhukov M.
490138,Nedelchev N.
713970,Henning P.
833266,Hu J.
305400,Valdoleiros G.
142380,Portugal J.
816901,Izquierdo Luque R.
534132,Banthia S.
994177,Morazzi M.
782258,Trouve N.
323607,Forbes M.
685447,Honda N.
696743,Polukhin S.
571318,Reitano S.
261012,Salvestre D.
988375,Quevedo Brea C.
325500,Cardinaud H.
841560,Cornut-Chauvinc A.
361815,Lu P.
568976,Li W.
823275,Zheng Z.
693900,Golescu R. A.
132770,Raynel A.
351837,Georgiev G.
546728,Jacq G.
563050,Juszczak D.
840733,Zielinski M.
132990,Trochu P.
329840,Alex E.
295783,Johnson S.
584753,Agarwal R.
379681,Leong M. W. K.
505997,Ionescu R. G.
704488,Tessa L.
790961,Linde Palacios S. A.
642002,Vidales S.
482780,Dubrivnyy A.
430748,Plans J.
110930,Budkov Kjaer N.
395827,Falcao G.
486099,Braga V.
244428,Braga B.
587330,Reese H.
714517,Suksumrarn T.
303376,Nithithananont N.
358943,Lieberman H.
224941,Cesar Porras J.
352001,Aunion P.
530550,Sabas M.
927485,Maftei M.
319358,Vocel M.
835110,Fita Juan S.
198646,Cavallo F.
624549,Basel V.
435460,Basing M.
558018,Zhang T.
419247,Santamarta Roig A.
541063,Donnet E.
344180,Ymer R.
928887,Slavic N.
936583,Pizzigoni M.
370541,Mura M.
908623,Mazzucchelli L.
190740,Arseneault M.
677307,Noale S.
543660,Farag-Cao A.
377522,Kouame M.
999122,Hewitt C.
810344,Lee K.
463489,Wang K.
245857,Exsted M.
591786,Montsi S.
373285,Stalder R.
540897,Borisiouk M.
307847,Crowther C.
196774,Kose C.
616456,Matsuoka H.
221137,Lee S.
766006,Covato M.
585861,Bataljin L.
250575,Yam C.
875649,Maldonado A.
246491,Camacho E.
274034,Wright F.
345823,Sim S.
750608,Nortey I.
995974,Javia D.
909751,Mulye D.
657368,Rousseau H.
397800,Beckley A.
677286,Veliz A.
673464,Maksimovic M.
161743,Kono Y.
177858,Lassila J.
955592,Martikainen O.
895076,Ahti V.
589274,Zavalaga F.
947215,Lustig T.
824807,Karma N.
273702,Aliano V.
767505,Vithoontien L.
129745,Paysse F.
637708,Viiala Z.
875565,Catry R.
171853,Ogura K.
329467,Bowers T.
584760,Markov V.
871972,Guzauskas G.
106447,La Serna J. M.
513336,Massard L.
874286,Petrov P.
192443,Sevilla I.
881838,Morolli A.
192830,Gomes Leme J. P.
440167,Bertasi P.
110743,Augusto dos Santos R.
111313,Lage Castelan L. A.
393842,Alvarado P.
230773,Morales J. J.
992362,Magadan A.
997569,Alujas R.
182856,Crespo Piedra R.
315332,Ledesma S.
712922,Radulov I.
436119,Motoyama S.
971331,Kawahashi Y.
635758,Tsutsumi R.
125651,Freitas J.
577452,Gonzalez Silva C. A.
650423,Hernandez Saracho J.
580087,Ramirez C.
682464,Taguchi R.
340639,Taka Y.
995778,Otway J.
977261,Ivanov V.
467664,Hule P.
930566,McPhee K.
714334,Osaka N.
690743,Ercan M.
690300,Joint M.
526903,Bozovic A.
749101,Smith T. N.
678986,Micic E.
474421,Chan H-C.
403135,Lukas T.
117359,Mendez S.
224811,Podgorichani L.
783984,Zheng S.
417174,Deeperm V.
995287,Koller A.
607216,Kostic T.
746173,Wang Q.
588798,Naklo T.
434118,Kerber A.
571591,Morvayova V.
958531,Kulambayeva Z.
236813,Koike E.
934204,Desai Z.
429149,Shroff S.
185274,Radanovic D.
129912,Szabo B.
244341,Sawant M.
879804,Sonobe W.
904608,Tanasie L.
273660,Teodorescu M.
960486,Kolb N.
583779,Chaudhari V.
863771,Glushko L.
743963,Bhamidipaty S. R.
272067,Adkar V.
225816,Yamalapalli S.
644122,Niangadou C. B. M.
692562,Simunyu C.
135831,Middleton L.
155404,Harrison C.
258627,Ahn A.
322624,Chang H.
232439,Arconada U. M.
853053,Halep S.
131897,Kurt I.
514467,Gureva A.
605419,Wuerth T.
866621,Sanchez Uribe M. J.
939749,Schunk N.
316741,Lemaitre T.
657049,Cabaj Awad J.
432302,Avdeeva J.
104430,Lanca S.
852000,Suciu A.
559293,Jorge M.
898497,Koevermans A.
171371,Garcia M.
768391,Falei A.
584165,Jorge F.
252705,Geerlings Martinez A.
231579,Martynov D.
376856,Leonard M.
510532,Inisan E.
958344,Lew Yan Foon A.
260647,Matoula M.
474466,Di Sarra F.
692785,Aksu A.
338426,Saito S.
690840,El Allami M.
612621,Shinikova I.
176411,Raimondo D.
831068,Van den Broek I. L.
738477,Sanz de Galdeano Bertomeu N.
818136,Dunne K.
625150,Almenar Zabala A.
133648,Murray S.
345864,Bakker A.
504547,Krajicek M.
331924,Fomenko V.
730092,Esquiva Banuls C.
366684,Grey S. B.
892223,Stojsavljevic M.
620119,Stoiber R. A.
534993,McDonald E.
263836,Banks A.
359414,Diyas Z.
165732,Diatchenko V.
704367,Mikulskyte J.
799426,Klugman H.
371248,Ryser V.
164893,Pridankina E.
276473,Monnot A.
188475,Tang Q.
857101,Rinaldo Persson K.
216676,Sawangkaew M.
804154,Nemcsek G.
651547,Biro M.
282059,Ibragimova A.
557487,Safarova L.
519176,Tichackova E.
405386,Radwanska U.
296059,Hertel A.
985363,Feistel G.
146026,Stojanovic N.
475062,Samson L.
329751,Kung L.
190070,Klimovicova L.
434479,Bolkvadze M.
169028,Branstine C.
132386,Brockmann T. J.
339190,Middendorf J.
228495,Okalova M.
107077,Becerra A. M.
645945,Guadiana Campos A. K.
572929,Garcia J.
488683,Frey A.
560389,Chong E.
243955,Urhobo A.
984123,Penickova K.
863232,Pareja J.
394004,Werner C.
923262,Pavlou D.
604946,Soussi L.
571479,Sahnoun N.
294982,Fossa Huergo N.
682624,Nugroho P. M.
878072,Kim Y.
232056,Yodpetch K.
601932,Jang G.
288848,Lee E.
710097,Lu J.
459128,Shao Y.
824735,Yao X.
756182,Ren Y.
733514,Yang Y.
363157,Shi H.
524355,Sato N.
913576,Ishii S.
604616,Ito A.
293402,Kuramochi M.
487743,Akita S.
305304,Noguchi S.
799536,Kononova M.
692744,Martinez D.
152508,Gonzalez Dominguez A.
981312,Jokic K.
151071,Shimizu E.
452225,Betova M.
482028,Wang J.
631020,Leong J.
895022,Feng S.
558838,Cho T.
955208,Leung Y.
560876,Cho I-H.
225794,Inoue H.
705345,Guo M.
370844,Kozyreva M.
289514,Zamora V.
709638,Liu F.
579922,Wong Hong Yi C.
151379,Trigosso N.
101703,Labrana F.
877693,Moore T.
634665,Higuita Barraza M. I.
136364,Herrero Linana A.
543051,Ortenzi J.
846341,Miller K.
325447,Svendsen J. C.
233335,Cross K.
525889,Vergara Rivera A.
573328,Rain Contreras F.
526040,Caffarena J.
435936,Kulikova A.
472206,Cakarevic S.
186150,Fullana L.
287133,Tagger L.
456082,Mansouri Y.
361003,Voisin A.
103846,Salaun-Ouillemon J.
630595,Arcon A.
193134,Boosarawongse T.
795957,Courte H.
919044,Sornlaksup P.
565592,Lumsden E.
404907,Batista D.
740277,Maxted L.
347693,Torres T.
418395,Centurion Delvalle J. I.
184418,Sanchez L.
379281,Namigandet Tenguere L.
826327,Watt J.
958394,Host T.
804999,Sach T.
905551,Kosseifi G.
737013,Hishinuma C.
712856,Pomeranets B.
226103,Ross J.
488251,Ryan Ziegann S.
122056,Pieczonka F.
925808,Mrva M.
161148,Shimanov O.
699546,Kumaran B. N.
663786,Suresh K.
687930,Garcia Hernandez S.
183908,Lopez Cherubino N.
850202,Charlton J.
328586,Duhan C.
236217,Marionneau L.
432417,Govila A.
916137,Zakaria F.
715334,Masjuan Ginel P.
151256,Shah A.
225403,Bronzetti A.
441643,Story J.
885425,Beckles D.
959575,Delage P.
825553,Van Aken N.
480106,Bass F.
946525,Baldovinetti G.
990253,Smiej Y.
268666,Mamata P.
683951,De Alba R.
803432,Preda L.
716627,Gruenig G.
376984,Leach J.
943762,Murali R.
747156,Glavas C.
967807,Binda A.
938765,Antonopoulos C.
504044,Haupt H.
668587,Zarate C. M.
446433,Grevelius E.
422242,Vincent A.
227529,Steiner M.
379044,Bobichon M.
835388,Balshaw F.
628768,Papamalamis T.
290596,Genov A.
625802,Ghazouani Durand Y.
968537,Faut P. A.
710314,Latinovic S.
952750,Kountourakis I.
249273,Schinas S.
128516,Andrew Mathews B.
534773,Jones M.
501600,Nedev D.
488234,Ingles Garre S.
326069,Rios Perez E.
961954,Simundza J.
166341,Fondriest M.
867693,Baez A.
335358,Schtulmann Gasca M.
493189,Nordquist A.
598005,Tobon M.
667728,Andreescu S. A.
633769,Jamji A.
259382,Baldini M.
252206,Lopez Martos I.
624439,Vasami J.
457086,Martinez Mora Esdras W.
971278,Mendez Montiel D. E.
922257,Virgili Berini F.
807796,Rottgering M.
104362,Satterfield J.
490352,Mirarchi W.
111237,Kim Dong-Geon
457972,Rodeia A.
848321,Kadangah-Kili J. P.
130752,Bianchi J. J.
834853,Andre S.
360383,Willwerth B.
966181,Jadoun N.
545280,Kennedy J.
313296,Filar K.
953971,Rusher A.
381320,Bationo A.
912049,Sigsgaard C.
900901,Meda J.
657139,Martinez T.
825884,Dalmasso G.
875761,Ratti L.
142645,Klimas J.
576989,Gaxherri S.
463184,Pinto P.
172247,Albuquerque Dietrich P.
442968,Paroulek T.
993551,Freda V.
197129,Jermar J.
363629,Kumstat J.
466284,Lorusso L.
954386,Estevez J.
870173,Kohlmann E.
647357,Malacarne B.
889638,Mashtakov N.
579593,Fellin P. O.
896344,Darmoul A.
906844,Todoran M.
102846,Molokova Ferreira D.
700320,Heinonen A.
589215,Neira Rodriguez J. J.
539200,Robledo Hoyos P.
801642,Milavsky D.
245726,Petkovic M.
629196,Arutiunian E.
644664,Bugarikj B.
616177,Micov S.
404260,Pankin S.
313063,Coman M. A.
931441,Gschwendtner J.
237249,Uta D.
243384,Hohmann R.
966837,Sanchez Martinez B.
737585,Betti E.
645040,Boogaard T.
810004,Legout T.
553108,Bien D.
843952,Schoenhaus M.
632040,Sroka M.
761215,Lora S.
203654,Wazny A.
132097,Bianchi E.
509701,Huss B.
218178,Velasco J. A.
840698,Gomez Pajares D. I.
612849,Bonding O.
749249,Tarvet O.
688487,Thanos A.
118521,Papoe C. G.
814527,Rolland de Ravel C.
494982,Pieleanu R. T.
851980,Jayaraman S.
741932,Visser A.
693670,Nagel A.
316721,Mayew W.
209920,Manning W.
281624,Zeuch T.
113609,Opitz J.
928198,Thayne W.
900974,Finkelstein A.
609134,MacKinlay J.
352666,Hands T.
468426,Thomson C.
499274,Wallin O.
885378,Donders D.
248161,Diaz Ruiz C.
788232,De Lange P.
670486,Rejchtman Vinciguerra W.
402548,Rozin S.
229529,McDonald N.
168131,Munk Mesa B.
705076,Djosic N.
660163,Duarte R.
401674,Thomas F.
136895,Suarez B.
370215,Fellows J.
932490,Cooksey W.
862497,Kotzen N. I.
627596,Tiukaev R.
628865,Azkara A.
591723,Horoz A.
494195,Bakhtiyar E.
978345,Donald M.
375414,Vales A.
811822,Pinho T.
263437,Rankin M.
946681,Tazabekov D.
809213,Banerjee S.
284462,Hara Friend J. D.
572247,Dedura-Palomero M.
325395,Mackenzie J.
672001,Mazdrashki A.
988584,Holban V.
916202,de Marchi A.
728559,Umena A.
299757,Prashanth V.
251926,Beltran Rubio M.
187862,Makk P.
350855,Sanchez Rojas C. F.
351579,Trhac P.
671754,Frantzen C.
125523,Xilas I.
590989,Nedelko I.
433757,Sakellaridis M.
436571,Bellifemine A.
644403,Schifris J.
751693,Arias B.
346823,Held J.
896943,Barsukov N.
324559,Azoidis D.
458718,Ehrenschneider N.
608245,Vasilev A.
148662,Bangoura S.
423622,Fossati C.
800812,Cacao T.
501368,Callejon H. S.
299822,Sengul B.
589612,Pinter P. L.
725689,Wagner A.
431371,Elia L.
371517,Rispoli N.
878522,Car H.
331489,Ramskogler G.
615425,Mansilla Diez M.
446190,Saritas G.
815038,Arinc K.
426933,Turker M. N.
678904,Plewa K.
460748,Beraldo L.
741304,Bentzel C. S.
336161,Pop D. F.
135099,Surudo B.
690077,Raquillet L.
372549,Bieldiugin T.
407441,Dumitru A. C.
531583,Demanet E.
216684,Sterniczuk O.
699146,Zanada E.
596514,Loge J.
696816,Kim J.
117272,Bertimon M.
198424,Mosejczuk D.
892515,Delgado A.
972269,Lammons N.
608241,Goode G.
254645,van Loben Sels E.
721975,Kikuchi Y.
961722,Pagani D.
858483,Filin N.
889272,Huszar A.
816923,Martin Manzano J. C.
658865,Jiang F.
361970,Ye C.
461170,Alcantara A.
920526,Carrascosa Diaz E.
653025,Overbeck C. E.
501130,Manzanera Pertusa A.
762870,Chan D.
255025,Kaouk M.
704751,Silvestre C.
258707,Hurtado Novoa N.
642412,Madrid Torres M.
543931,Bynoe E.
871153,Voljacques H.
297472,Chang A.
352374,Grumet G.
959331,Sakellaridis D.
835951,Rolland D.
715083,Pascual Ferra R.
142874,Vervoort M.
750465,Van Der Sijs N.
349465,Milani B.
182561,Torres Espinosa J.
548538,Ribecai M.
848041,Zick S.
249738,Jong S.
537185,Teramo D. C.
168358,Cunha V.
274251,De Castro Rocha V. A.
380817,Guttau N.
880318,Bravo A.
208335,Kim D. J.
922048,Alkaya M.
456461,Michalik R.
778365,Knani O.
575612,Ramos R.
748736,Bennour Dit Sahli A.
356819,Nakagawa S.
326547,Takahata R.
778995,Tange S.
528348,Chen K. S.
756960,Leon Mantilla D.
719656,Moreno A.
318178,Luis T.
721881,Rubini Garcia Belaunde A.
406846,Roh H.
158398,Mitsui S.
777748,Tabata R.
617895,Stevens Z.
271387,Komada E.
827063,Irigoin J.
641368,Latak M.
717573,Zhang J.
691056,Zamora N.
744078,Zurmendi T.
664745,Al Azmeh T.
877355,Marcondes I.
152750,Colleu S.
414037,Jilly A.
696107,McLeod A.
427210,Ando G.
648762,Yamasaki J.
542373,Borrelli L.
468409,Betov S.
142888,Golubev D.
987072,Ehab M.
384399,Hurrion M.
677678,La Vela G.
165188,Xavier Laydner P.
179603,Maldonado M.
377349,Martinez L. D.
616845,Malgaroli L.
675325,Clark M.
645301,Dickerson R.
916051,Bobo D.
466050,Rivadeneira Gallegos F. J.
757775,Pinheiro da Cruz Junior G.
300841,Bassem Sobhy M.
385660,Jones L. R.
279979,Elsayed A.
789896,Yamanaka T.
964358,Barkat K.
131424,Iftikhar S.
539149,Niklas-Salminen P.
350264,Sonawane R.
914456,Astreinidis F.
515912,Hsu J.
807627,Homberg M.
994522,Summers M.
422609,Jarry Fillol D.
173035,Gonzalez C.
865070,Derepasko T.
926718,Knaff A.
271060,Curras Abasolo T.
659576,Bilozertsev N.
732611,Aleshchev A.
284068,O'Connell B.
256699,Stephens Z.
148058,Maguire C.
539467,Murtaza M.
551947,Melnic V.
505451,Tanner G. L.
676979,Guo H.
839218,Barry M.
830290,Subasic A.
699742,Yang V.
135412,Aulia C.
324832,Beck A.
282315,Vandewinkel H.
993262,Jones E.
728386,Tong A.
141881,Lim L. E. T.
412777,Rothensteiner L.
167852,Osterreicher M.
848660,Kostovic T.
664017,Failla J.
351317,Rajeshwaran Revathi M.
815073,Kudashova D.
388459,Jovic I.
610219,Baroudi L.
935615,Jackson J.
876509,Rapolu M.
987056,Lachinova A.
733135,Efremova K.
439600,Grant T. C.
844223,Mboko V.
928234,Ovcharenko E.
511844,Guryleva V.
259283,Martinez Solis C. S.
783430,McHale C.
748140,Tona M.
172120,Yoruk I.
281722,Karatancheva L.
578784,Cirpanli D.
815623,Cervino Ruiz C.
982013,Salden L.
705789,Freitas A.
461428,Poppe T.
290118,Murta I.
792158,Rakotomanga Rajaonah T.
937862,Quevedo K.
578915,Bartashevich Y.
352633,Pieri J.
971700,Reguer A.
337877,Roura Llaverias R.
232364,Mintegi Del Olmo A.
226334,Abbagnato A.
685452,Zucchini A.
153777,Lim J.
763492,Belgraver J.
542969,Udvardy L.
926890,El Jardi D.
929794,Pieri T.
484337,Tran L.
652440,Costoulas S.
788205,Langlais C.
824052,Buzarnescu M.
922335,Valentova T.
281349,Bush T.
980637,Black B.
860731,Piani D.
281922,Piccinini A.
544385,Gillan A.
876717,Kazionova E.
244689,Mazzola A.
883118,Ebeling Koning L.
148417,Korpanec Davies A.
564861,Vrancken Peeters A.
869298,Pohankova M.
816553,Zhenikhova S.
934936,Voegele S.
357159,Hodzic M.
494470,Lollia M.
401531,Lincer O.
480882,Steiner V.
994061,Laskevich E.
178312,Necula A.
795419,Popa G. S.
581067,Malygina E.
355862,Petkovic A.
227025,Rame A.
385300,Couto L.
469046,Laundes F.
157066,Voloshchuk A.
984443,Oktiabreva A.
653371,Kovackova A.
836015,Zeballos N.
795651,Bertacchi A.
999303,Ambrosio S.
531507,Arseneault A.
325878,Nguyen A.
299066,Honer A.
827949,Ekstrand M.
219553,Vidmanova D.
810328,Akli A.
216721,Granwehr A.
150341,Mettraux M.
885615,Zhang Y.
931289,Reyngold E.
758419,Bienzobas Fernandez O.
186075,Chiesa E.
715380,Eto N.
796304,Schoppe E.
580712,Cardenas Olivares A.
612587,Pedretti T.
999911,Rivoli P.
672600,Gonzalez M. A.
983586,Yuan C.
332475,Shimizu A.
922694,Novak K.
322229,Barros V. L.
989743,Kucmova A.
110945,Leme Da Silva N. V.
209866,Candiotto A.
260370,Jeong B.
855241,Meliss V.
416812,Guerrero Alvarez E.
742712,Basiletti N.
990783,Santos A.F.
539000,Urgesi F.
493665,Rocchetti S.
787404,Iatcenko P.
423074,De Stefano S.
118256,Lee C. Y.
377819,Ma L.
596468,Lu J.
145402,Wu R. X.
126649,Saigo R.
620466,Bhatia R.
687632,Zhang R.
572630,Kolb M.
885285,Saracoglu A.
652888,Tran D.
931935,Hietaranta L.
560157,Atay S.
493996,Nepliy E.
585791,Kovacevic T.
258616,Liu M.
763849,Kotliar Y.
961454,Norin F.
979915,Thamm M.
446307,Diaz Adrover C.
609972,Stusek J.
721389,Chen M.
565768,Qu Y.
501248,Gomez Pezuela Cano M.
541042,Urrutia M. F.
290678,Konishi J.
889910,Koshiishi A.
101488,Zhu C.
943910,Kinoshita H.
228084,Li X.
540263,Zolotareva A.
164078,Tamindzic A.
336392,Bosio V.
272422,Zund S.
170252,Zamarripa M.
560722,Wagner A.
221785,Torres Lopez K.
849090,Garibay Romero C.
541028,Zelnickova R.
983736,Sousa Salazar N.
324365,Da Cruz Mendonca S.
498662,Castillo Meza M.
127261,Yang A.
177509,Sidorova K.
265315,Kuwata H.
255985,Pereira R.
409787,Ascencio Jaramillo I.
346273,Suarez M. I.
391727,Markus C.
323944,Wolff V.
193876,Cinalli L. M.
230315,McNeil C.
815132,Vazquez C.
136674,Herea C. A.
813711,Bertea E. R.
950018,Varela-Alvarado T.
331254,Romero C.
461629,Reasco Gonzalez M. E.
301293,Jovanovski D.
380102,Rollin N.
397975,Pantaratorn K.
356010,Malaszszak M.
559794,Murgett F.
609620,Kukasian A.
165194,Cook E.
649243,Navarro J.
191358,McFadzean L.
922986,Truong T. M.
322703,Miladinovic M.
201538,Rodrigues N.
916606,Wong T. F.
825477,Cuong T. Q.
207171,Ferguson C.
399097,Nguyen M. P.
539903,Vu Ha Minh Duc
889309,Baldisserri E.
203267,Perot R.
307498,Dembo J.
643251,Aguiard E.
159426,Einig F.
137196,Ricci P.
467076,Pacheco Benasayag S.
256124,Burdet A.
445523,Crivellaro G.
523418,Overmyer K.
281036,Devaraj A.
198972,Crisostomo G.
595929,Re T.
730791,Angelini L.
760108,Mecarelli M.
346568,Colombo A.
397826,Battle L.
755579,Nunez Vera A. S.
635397,Cheng S. C. N.
261404,Shoaib M.
143364,Agbo-Panzo P.
667105,Dippenaar S.
303520,Abua C.
706778,Photiades P.
757376,Klegou A.
103300,van Schalkwyk C. S.
438898,Adeleye D.
644002,Marshall K.
998629,Phillips R.
876401,Arora Kr.
640149,Anderson O.
796868,Myneni S.
759120,Senthilkumar M. A.
929001,Lakshmanan A.
392564,Susanto A.
197505,Sharma A.
701372,Toral Ocana J.
599251,Yssel R.
794536,Ibrahim K.
954730,Eqbal I.
940545,Campbell N.
240432,Vega Hernandez D.
548785,Calzi R.
384146,Megalemos K.
819987,Elamin A.
788432,Markovic S.
139837,Loncarevic A.
853698,Ozolins K.
328417,Kamboj U.
347551,Rico Arias N. E.
328464,Chelia B.
699656,Warik C.
445622,Trufelli T.
453696,Libre A.
798065,Jade D.
437025,Gatoto A.
174912,Pieri S.
636416,Voelzke G.
301841,Bellorio Pinheiro M.
764504,Miguel L. F.
742834,Ostapenkov D.
114394,Alcantara F. C.
437159,Johnson A.
893740,Karki R.
374449,Fomba L.
772906,Ponchet M.
354799,Jans J.
745247,Matsuoka S.
635776,Puello A.
670180,Bouchelaghem C.
541707,De La Cierva Sanchez P.
642176,Juan Mano A.
978381,Oliveira B.
198472,Tunas G.
926269,Sau Franco A.
920752,Fiorentini A.
440473,Hayen A.
526384,Osti F. K. P.
462520,Ciocca G.
668998,Felguera Mira I.
944926,El Natour M.
856604,Eres L.
653076,Dummer Macedo T.
560901,Bolivar Idarraga J. M.
542082,De Almeida Santos P. A.
739135,Chabalgoity P. H.
379132,Erazo Rodriguez C.
507156,de Camargo Silva A.
308638,Sanchez M.
313852,Goncalves V.
132824,Papagno S.
898319,Scramin do Lago J. V.
300162,Reyes Tiraldo O. A.
439244,Winegar T.
418193,Ghetu G.
539612,Mazza M.
270066,Haita S. H.
329489,Bennani K.
910849,Oki Y.
127476,Milic O.
481547,Arneodo R.
677717,Chen X.
719929,Meng F.
572283,Cozar Gimenez M.
619948,Manzano Lapuerta P.
776512,Iannoni M.
364309,Sim S.
231254,Hornung G.
817599,Colby R.
205434,Suarez L.
152444,Rivero M.
196804,Kang Ku K.
701820,Tulepbergenov D.
409913,Shin M.
191040,Trebukhin A.
985536,Chekhov A.
904048,Spadola A.
620810,Koffi M.
936086,Poulsen Brostrom O.
920847,Kozlov B.
833653,Gallagher G.
781196,Antonius M.
372298,Hu H.
986058,Zhalgasbay D.
580314,Tian Y.
129547,Hausberger G.
513931,Saulenko T.
555416,Postolka R.
406147,Gundacker J.
688501,Bushamuka W.
205910,Rocco L.
876654,Sanogo E.
580720,Ciurnelli R.
232597,Bolangi B.
111550,Vilmaure G.
718215,Pucinelli De Almeida R.
304412,Araujo R.
466316,Rodrigues Longobardi P.
552552,Papa C.
547697,Vukadin N.
456967,Nsairi S.
592845,Marques G.
299634,Mahesh Kumar V. V.
178685,Monteiro S.
110397,Geschwind F. T.
424900,Rakonic F.
876435,Chetouane M.
257740,Castro L. C.
555070,Goity Zapico S.
579320,Gallego J. I.
563301,Tyagi K.
136292,Alexandrescou Y. T.
367942,Iakubenko V.
627329,Anavatan M.
933636,Duran C. T.
328853,Kosaner K. I.
397225,Kshitij A.
129926,Yilmaz K.
989236,Ciocanu A.
197127,Cazac I.
237700,Braun M.
859302,Macej D.
946200,Koenig L.
581269,Battiston A.
234349,Longwe-Smit T.
574885,Roddick J.
806465,Badenhorst D.
584062,Vujic S.
944662,Scott A.
243415,Eichenseher D.
700769,Moxon B.
493687,Van Der Merwe M.
431309,Ngwenya S.
426895,Beaven J.
817895,Hodkin S.
768719,Bartolucci N.
137478,Teunissen L.
431931,Nawa M.
115635,Montsi K.
951264,Ardila L.
787151,Gorzny S.
822651,Visser M.
752556,Baudel A.
269137,Fabre J.
184526,De Dios F.
713924,Lorincik M.
176182,Carballo M.
213192,Giamichelle S.
807101,Jefferson H.
982142,Lawlor R.
134253,Le Meur R.
763816,Tombolini L.
650478,McGloughlin J.
807152,Leeman D.
633811,Coudret J.
397995,De Jonge D.
872209,Tolev A.
109935,Guna R.
219251,Faucon R.
810837,Kisimov D.
569075,Ceban M.
240354,Andrade da Silva L.
796053,Sinescu J. P.
453889,Geldof B.
627039,Ciavarella N.
340849,Macias Elizalde D. A.
247553,Yunez L.
695317,Hidalgo Aguirre C. A.
363989,Echazu M.
105586,Lagutin P.
421502,Mbithi M.
778397,Seifert S.
769148,Berto L.
988319,Ratiu N.
704308,Frunza L.
525341,Partal M. M.
876802,Iemmi L.
427973,Tixhon D.
188598,Szymkowiak K.
443273,Weir P.
323026,Basile A.
434258,Villoslada E.
665896,Cizek J.
918743,Blickwede L.
789795,Hignett L.
600594,Kamath M.
889088,Marc L.
788639,Farzam M.
322480,Hernandez R. S. L.
974957,Gandolfi G.
631470,Balciunas M.
640277,Gurenko V.
531422,Rafiq A.
522369,Giese K.
431729,Siancha Borlenghi A.
887969,Young G.
607498,Forger A.
347921,Perez Navarro P.
768737,Dahlin M.
570711,Sesko Z.
473983,Meneses Perny A.
117122,Biagiotti R.
680036,DeMuth O.
818674,Bohach H.
623113,Lee J.
794294,Bayrak K. K.
736187,Sahtali T.
414665,Kudernatsch M.
494292,Tokac T.
487623,Thies C.
111774,De Gabriele A.
266092,Kusy J.
166579,Nittmann Y.
305670,Vrba J.
171739,Church C.
236664,Marino P.
325960,Bojarski A.
136005,Weissmann Y.
844087,Filiz S.
386747,Majchrzak A.
485546,Tse E.
248258,Alame Re.
501552,Guillen G. I.
483551,Webb S.
338875,Rokusek S.
477119,Kokkinis T.
674063,Russell T.
561715,Khan L.
685585,da Silva Fick G.
411769,Mrdeza T.
534612,Alcala A.
251097,Jallorina L.
527530,Abarquez E.
285129,Madis T.
342350,Emana K. A.
407856,Vig S.
597941,Pawlikowska Z.
570872,Piter K.
407807,Pastikova J.
840243,Nitture A. D.
964476,Valdmannova V.
822142,Matsuda M.
159874,Lima K.
880955,Amorim G.
546244,Matuszewski S.
909156,Xu S.
250420,Cabezas Dominguez E.
498997,Coleman E.
860419,Ansari C.
423172,Sawashiro K.
448351,Yamazaki I.
832703,Cakil D.
561321,Kocak B.
612234,Brantmeier R.
267472,Petkovic A.
810285,Radisic N.
824350,Lares E.
637872,Villamil Arias L. V.
448449,Corte C.
976910,Garcia Cid Ma.
152158,Das A.
757954,Munk Mortensen R.
137412,Sutjiadi A.
694375,Junarto A. K.
796842,Cheapchandej P.
930187,Gantor A.
594558,Aldarkhishig K.
951623,Senic N.
694661,Zeltina B.
888662,Nagy A.
581895,Martinez S.
682760,Magallanes A.
637260,Kumru A.
261174,Zhiyenbayeva S.
327894,Babel O.
247176,Lukosiute A.
201117,Fajardo S.
507927,Guzman D.
403954,Yaneva E.
516173,Ivantsiv M.
205705,Medvedeva M.
789392,Wei Z.
315684,Zolotareva R.
563616,Huang Yujia
271074,Nguyen Tan L.
987795,Panshina V.
134241,Ye Q.
153748,Kaynak M. N.
564383,Ulueren S.
409125,Sun X.
992639,Lombardini M.
715935,Teixido Garcia M. A.
119624,Vandromme J.
700516,Allen V.
826836,Hennemann C. W.
516395,Mair L.
310605,Du Pree B.
387726,Griffiths E.
270717,Dudeney A.
569892,Steinkamp M.
423847,Lopez Martinez C.
566894,Isakova P.
696671,Losciale V.
974187,Martinez Vaquero M.
485612,Struplova J.
473526,Zamarripa A.
397623,Kuzmova K.
643165,Spink I.
390143,Johnson S.
611840,Adeshina E.
329798,Williams S.
242171,Dittmann G. M.
161765,Boulard L.
890188,Deng T. T.
364359,Bjork J.
263947,Laboutkova A.
904123,Bajraliu L.
827435,Collins K.
143213,Tsetsou E.
105861,Aslanisvili A.
584435,Rentoumi M.
160047,Panagiotidou A.
933137,Garcia-Perez G.
841682,Arifullina A.
530813,Khomutsianskaya D.
928587,Bal A.
868434,Zelinskaya D.
970872,Soke D.
166433,Argyrokastriti M.
890892,Shubladze A.
985699,Dilek D.
861814,Rabl L.
678747,Pace F.
344324,Bennemann E.
285500,Bervid V.
947871,McAdoo R.
198902,Brand V.
471981,Eigelsbach E. V.
331974,Kovackova J.
231988,Pistola I.
391020,Alexander A.
965430,Drenser-Hagmann K.
463566,Kupres M.
255028,Plekhanova D.
660940,Ilie D. M.
771345,Liutova K.
608604,Dong E.
821818,Chavez T.
472080,Podlinska M.
285817,Paszun A.
476967,Hidalgo D.
320758,Navasirisomboon J.
758395,Bruna E.
949603,Woerndle M.
645389,Okamura I.
250230,Talic Z.
659633,Garcia M.
583462,Smith R.
688994,Blumberg W.
689467,Reklevicius P.
511462,Babelis T.
380289,Krall L.
314677,Jayaprakash O.
675309,Aguilera Guerrero E.
824324,Hernandez Gutierrez A.
928778,Shvangiradze A.
887630,Duran F.
454111,Aramburu Contreras I. J.
769988,Frances Tessari E.
708856,Zeljenka M.
992420,Mathe G.
232530,Rojas M.
290224,Pereira F.
257814,Madarasz G.
359440,Saar K. K.
915640,Jurina P.
599921,Pozzi D.
629671,Tylek P.
554741,Berrut A.
639155,Sodan I.
466894,Regas Luis No.
888155,Alcocer L.
482877,Carbone L.
753158,Martinez Martinez J.
241657,Medica S.
315966,Tonejc V.
710831,Miceli M.
562469,Perez Sanz D.
149743,Simonit E.
209500,Bernard J.
625342,Scaglia M.
246091,Kim Y. S.
899236,Galoppini D.
378647,Manafov V.
325639,Galarza J. I.
204312,Lee S.
592396,Sim W.
359935,Garmendia J.
892253,Hanzlik C.
860000,Rojas Pedron G.
236167,Nunez V.
597954,Erler A.
714843,Duran G.
981891,Mezouar S.
156996,Durguti B.
849483,Evans G.
836102,Palovic L.
965234,Grzegorzewski O.
771358,Di Vita R.
291095,Morisson De La Bassetiere A.
259715,Gianno J.
138080,Romano G.
773348,Hernandez-Aguila A.
145588,Zelenay I.
869038,Goldsteiner P.
824302,Hach Verdugo H.
812301,Antinheimo O.
856834,Lagerbohm L.
309232,Lopez Escribano A.
382819,Menendez-Maceiras A.
826884,Dustov M.
143393,Carretero P.
480633,Seghetti S.
192561,Pieper M.
547468,De Gasper G.
328256,Baquero D.
650128,Tadic V.
697092,Koch N.
743415,Cungu R.
595620,Rivera H.
301470,Piekarz D.
128332,Krawczyk J.
365780,Facek J.
284891,Dong J.
788687,Wang Q.
651061,Sheng J.
616731,Sarksian D.
507359,Jiang H.
568176,Tufekci C. E.
609933,Werren P.
996327,Aksu C.
318646,Cabos V.
845566,Ilkel B.
531580,Molino J.
928863,Nedunchezhiyan J.
681194,Andrzejczuk A.
943004,Berdecio Flores D.
935308,Ignat D. C.
393521,Gliga A.
583916,Mendes A.
958306,Alhogbani A. F.
519598,Oyunbat B.
208293,Tang K. L. Y.
652920,Mukhidinov F.
325357,Pate C.
103055,Isroilov S.
276213,Bastola A.
853035,Moghimi S.
724376,Sinha A.
940925,Maksymchuk I.
874547,Bojicic Ono L.
241956,Mridha J.
384093,Larwig N.
229748,Bacaloni A.
845991,Castelletti L.
130576,Mastri A.
779488,Chikami S.
719380,Santos Gava K. L.
442824,Castro F.
891950,Yaffa D.
706595,Molder M.
828013,Mehta K.
469350,Nakamine L. J.
465664,Bladelius H.
841765,Kirkov V.
635487,Blanco Cauterucci J. C.
928898,Donarski S.
338358,Mroz W.
704123,Arimoto H.
130858,Sugaya Y.
466672,Cordoba C.
655702,Zima L.
219857,Romero S.
960394,Cabrera P.
958215,Fernandez Flores D.
427872,Repac M.
648961,Jundakate C.
906017,Yastremska I.
395229,Han X.Y.
153440,Kumkhum L.
436082,Riley A. J.
698939,Yakoff S.
788681,Alonso S.
482662,Berberovic N.
765907,Samudio A.
714939,Hernandez M. J.
724068,Turati A.
388957,Vismane D.
762962,Lene E.
661221,Karatantcheva S.
521900,Arias Manjon P.
778958,Herdzelas D.
950909,Samardzic A. E.
833730,Pellicano H.
788238,Stevens L.
779057,Gimbrere J.
885650,Teodosescu A.
385137,Lacy I.
601054,Onciulescu C.
719011,Safta A.
193166,Curovic T.
401183,Oana A. F.
148107,Rogozinska Dzik S.
635918,Ewald W.
378328,Voracova R.
613515,Fernandez B.
661260,Blokhina A.
574272,Poznikhirenko G.
960831,Osabuohien A.
863713,Cooper N.
482640,Matz A.
426734,Hui K.
309559,Kawaguchi N.
267746,Cayetano E.
435996,Ionescu E. M.
407822,Peternel Z.
282078,Plosnik E.
516020,Guarachi A.
378732,Sewing S.
418746,Min G.
902663,Xun F. Y.
460109,Bocchi E.
413848,Hanatani N.
955099,Muramatsu C.
659115,Marozava L.
691979,Imamura S.
322539,Almudahka H.
913281,Chogsomjav M.
562924,Ly-Nguyen S.
473574,Tukhtaeva S.
357557,Chogsomjav M.
936991,Huynh S.
577823,Rana M.
888093,Bhosale R.
330460,Lee Y.-H.
283145,Iu S. N.
443511,Ivanova D.
420203,Zhao X.
167678,Zaytseva K.
838434,Lai C. L.
569430,Jiang Z.
394618,Thombare P.
904713,Zolotareva A.
570453,Goldsmith Weinreich P.
470366,Eidelvein L.
927857,Bossi C.
551151,Mattioli F.
303083,Rezai A.
472505,Ccuno R.
686384,Licht T.
453784,De Santa Ana L.
915437,Setodji T.
907497,Jaloviec M.
551433,Simoes M.
264293,Phunsawat C.
960593,Congcar C.
419854,Timangkul A.
318336,Auytayakul S.
583858,Quesada Perez T.
111763,Estevarena M.
462530,Sutanto M.
713947,Bielen S.
761560,Tumasonis G. P.
178004,Lipp M.
791626,Krawietz K.
795751,De Schepper J.
159198,Nikolic M.
720336,Skorilas A.
186151,Chirala S. R.
106302,Bulus C.
216398,Somani P.
345694,Kisantal B.
848191,Szoke A. G.
191581,Puntaric N.
900287,Jakic M.
996376,Djukic N.
801352,Frutos Alonso A. A.
420723,Drozdowski T.
350654,Bastia E.
124104,Manola P.
640987,Martins E.
919146,Cervantes Tomas L.
795153,Chu S.
137564,Horovitz R.
413691,Hernandez-Fernandez J.
400456,Egea F. E.
122994,Lyons J.
380153,Ruiz Velasco Hermida S.
983541,Kana F.
999190,Ferrari F.
620530,Clezar G.
499272,Campana F.
494234,Vales V.
235856,Vargas E. T.
533199,Meng C.
689633,Suzuki K.
242006,Boubaker Y.
299161,Ben Arab M.
804910,Bellezza G.
785635,Pilet C.
736093,Giorgadze G.
921058,Huseinovic A.
472034,Nucera T.
654231,Becker N.
900392,Ivanisevic E.
158194,Botran Neutze R.
778297,Chappuis S.
458894,Ojakaar O.
272205,Trujillo Hernandez J. E.
512914,Dragoni A.
414404,Taddia L.
452201,Vaccari L.
373118,Erler L.
788135,Sheldon M.
398971,Herdoiza N.
382077,Katuch J.
989854,Sharan D.
659114,Pokotilov B.
637239,Bonetto N.
325045,Ebden M.
741795,Paty D.
863178,Leote Prata V.
136663,De Sanctis E.
846962,Scomparin P. R.
505083,Schoen P.
155432,Zapp L.
804768,Gerini T.
691549,Donev G.
329525,Jin Y.
888480,Readelli T.
879826,Massucco S.
548704,Cekirge K.
852419,Knitter K.
669884,Stirbu C. T.
756812,Popescu M.
262157,Sharygin E.
774871,Sanchez Rello S.
703724,Zuniga Garcia B.
490860,Iniguez S.
153359,Severance S.
591044,Pan W.
392917,Vavassori M.
779444,Puetz T.
681665,Barrere V.
269800,Waddock T.
801960,Hou C.
144524,Fu H.
142788,Takamisawa T.
193956,Jeong Y.
922684,Pandzou Ekoume C.
179860,Momo-Kassa K.
908598,Nandal Y.
663012,Garcia J.
433844,Sborowsky Y.
883435,Horve L.
565195,Kask M. U.
448906,Hayashi K.
376436,Acioly L.
169695,Mizuno S.
425951,Yamanaka A.
364424,Zamora B.
446241,Vance J.
758086,Vance J.
563034,Garcia Ramirez A.
817394,Popovic I.
812753,Ounmuang S.
396570,Marcinkevica D.
868549,Kichenok N.
578005,Kuhl C.
322478,Genis Salas M.
316408,Paar L.
116448,Svetac S.
545460,Caballer Catiru A.
708710,Gonzalez Vilar R.
244288,Stabel A.
435662,Rosca C.
644319,Kolonus Z.
595928,Silva J.
313517,Noel A.
462354,Scilipoti S.
570906,Tourkhani C.
158794,Rassil R.
252996,Simion O.
154914,Laskutova K.
301067,Senica A.
860440,Pavlova K.
558564,Thamchaiwat B.
719630,Yamaguchi K.
497982,Koyama H.
592762,Krywoj M. S.
132265,Portillo Ramirez M. J.
207769,Montano S.
982075,Banzer M.
598657,Sumoya V.
646446,Larraya Guidi S. A.
873862,Alba Verastegui S.
392291,Gerald Gonzalez J. G.
337339,Bulbarella M.
953798,Soulie A.
360644,Birrell C.
739849,Branger L.
548031,Ng K. L.
321260,Martin T.
941333,Perez Maiztegui B.
342235,Salazar Garza S.
814661,Peers J.
817187,Hadigian E.
416705,Verma V.
643959,Maamoun K.M.
857468,Aguiar Johansson D.
529443,Bortolotti M.
989261,Al Janahi A.
374533,Malla B.
947499,Herberg Amoros A.
878399,Mandma A. G.
286542,Kypriotis E.
733208,Bondaz M.
911191,Voljavec A.
452634,Aguilar L.
944290,Martos Gornes S.
994893,Bribiesca E.
167977,Corretja I.
847252,Albieri G.
523292,Betancourt P.
820273,Kouame M. Y. H.
988430,Dussey K.
341799,Rossolino S.
724024,Buffara P.
190128,Paolini A.
380492,Valentim T.
525740,Nagoudi A.
291280,Trifi A.
679714,Coelho D.
450058,Demoliner M.
366485,Gogeliya K.
240409,Gorban A.
817126,Ramirez T. D.
304458,Munoz Navia D. E.
548324,Trigo L.
467721,Baena N.
750285,Livet Novkirichka F.
217005,Falck R.
400054,Barrett H.
564648,Dominguez Alonso J.
728526,Eerola O.
375634,Tiainen H.
765941,Vasquez A.
507079,Nurlanuly Z.
104768,Piasek I.
918005,Vasiliauskas M.
286746,Ordonez Vargas J. P.
189876,Marin T.
863043,Craig C.
951525,Matos R.
151820,Nouchakis G.
749308,Hellum-Lilleengen L.
280665,Qi H.
898425,Zhu S.
413063,Szerencsits B.
815878,Berenz B.
646590,Virgili A.
571864,Malan D.
942027,Varbanciu M.
939098,Misasi G.
490182,Roehrich M.
267491,Duan H.
955704,Lange M.
581037,Graski J.
252534,Palavestra I.
563106,Quintela G.
831540,Zhang Y. W.
948184,Cox T.
318561,Hernandez C.
122051,Silva I.
557233,Planella Hernandez S.
592211,Fuchs Z.
717570,Frasconi D.
819619,Zhang Z.
923188,Snoussi I.
792091,Drab F.
459812,Ito T.
816647,Idogaki K.
477103,Yoshimura D.
451871,Brownrigg N.
501057,Baril J. L.
773945,Graft B.
572001,Peck J.
274519,Furusho K.
809847,Tobe Y.
944025,Kaufman M.
194753,Goncalves dos Santos M.
264531,Castro Loedel S.
800199,Costanzo Prediger E.
231291,Sonne T.
756164,Garcia Garcia A.
324858,Galarraga M. A.
762094,Storck F. L.
477212,Khalil Y.
427585,Qureshi A. N.
262604,Pontoglio D.
829067,Gretskiy I.
217513,Desvignes E. M.
436924,Senties X.
517840,Kichenok L.
359627,Dvorackova A.
336549,Vargova N.
493902,Torner Sensano N.
826660,Aranzabal N.
616554,Salles Canudas A.
946517,Raggi A.
609978,Turini V.
195261,He I.
107445,De Zeeuw J.
270833,Van Emst S.
800493,Montesinos S.
355895,Johnson F.
682219,Cooling R.
536741,Knight M.
146235,Franco Dias T.
335315,Kulbiej N.
855453,Stankiewicz M.
231845,Iyengar M.
693287,Cruz A.
159758,Xu G.
706558,Kovacic N.
900339,Nozdrachova M.
904575,Kammerer M.
301356,Sagrista Bermejo M.
613722,Garcia Vidal L.
487169,Li Y.
588873,Carbone Dos Santos M.
306836,Visentin E.
864064,Liu K.
681540,Ramesh D.
594051,Bonardi B.
230866,Lewis M.
485419,Meri E.
500305,Varela T.
867832,Casares M.
127756,Alvarez A.
326381,Gallegos M.
476447,Vargas V.
438958,Bruce-Smith J.
284728,Ibraimi Y.
269334,Thompson K.
444935,Pernas T. A.
850768,Guadagno V.
853549,Lino C. E.
712047,Noatto K.
432506,Erices M.
276053,Dazert J.
606835,Rahmani K.
407175,Valli A.
416129,Ledesma Sosa R.
576278,Phillips D.
246499,Montgomery W.
315847,Koffi N.
310140,Alvarez Y.
119974,Mesarovic M.
854929,Duran D.
344999,Krivokapic A.
431786,Jovanovic P.
348270,Fuentes Vasquez J.
116949,Usmonjonov A.
504883,Valeinis E.
401324,Jaisinghani R.
715889,Konovchuk V.
391910,Venkataraman A.
539755,Hiiesalu S.
771572,Holder C.
927311,Janev K.
671348,Ignatov I.
170143,Aleksovski M.
709648,Makzoume Y.
330256,Stoot D. N.
815748,Al-Sulaiti G.
558982,Barriga Martinez J. P.
441890,Guerra A.
866506,Didoni Bonini J. P.
307651,Ahmad I.
678700,Ifi N.
677423,Kajin K.
822981,Martinez Onsalo G.
289064,Oliynykov N.
477679,Martinez Morel F. M.
302664,Escabias J.
629669,Ortenblad Nogueira H.
694011,Kleiman M.
766104,Takaya I.
332691,Colasanto F. G.
286334,Verno P.
740233,Cossio Gonzalez A.
381693,Gava P.
814533,Didoni V. S.
902177,Arena Fava C
409784,Davidov T.
992326,Zhao Z.
666587,Mingzhou Z.
242524,Hance K.
899162,Rallin S.
133171,Ciancaglini N.
409035,Hyun J. H.
544286,Lukashov R.
945909,Pastorini A.
426042,Wei J.
883048,Sun Z.
393698,Doskocil M.
291171,Rosenkranz K. T.
377845,Pinna D.
131633,Porcu N.
698171,De Cesaris A.
998250,Goyal M.
476825,Kayombo G.
517022,Gregoriou G.
254362,Petit L.
285535,Sarran P.
885668,Hans K.
195059,Kothapalli G. G.
800704,Kesharwani M.
880076,Avcibasi T.
636680,Strydom J.
234080,Bekeni M.
176173,Roothman C.
961987,Halahija N. A.
123810,van Schalkwyk C. H.
925776,Fornaci D.
398068,Akkocaoglu K.
678597,Salton D.
947647,Mazzola F.
819488,Fernandez J.
899199,Baragiola Mordini T. C.
106717,Perego G.
248067,Bocci F.
374422,Theate P.
935314,Freire Da Silva A.
238983,Borba J.
782452,Sadzik J.
959540,Gannon C.
148553,Ganchev A.
529000,Borisov M.
505283,Bullamah F.
590446,Damonte A.
967954,Ruiz J.
263936,Leroux J.
604012,Bidan F.
696698,Majdandzic O.
420615,Zannoni S.
316305,Hoeyeraal H.
956707,Plunkett C.
558506,Van Der Meerschen M.
511893,Huens H.
386579,Gil Garcia A.
865256,Paardekooper S.
376189,Horwood J.
863456,Ferre C.
632047,Martin Espinar A.
374778,Da Rosa Castro G.
414629,Senn N.
580891,Collar E.
321917,Alopaeus F.
846787,Dullinger V.
325236,Luxa T.
189030,Logrippo M.
787279,Naydenov Y.
527276,Kumar M.
764587,Chen E.
423132,Mildren S.
431517,Sibai J.
764894,Marithe Aludo S.
437874,Horvit M.
335705,Mundhe P. A.
999917,Patil S.
532669,Al-Mudahka H.
514019,Noel M.
388510,Tanguilig C.
352877,Daavettila S.
598811,Matias M.
803641,Jones E.
884927,Valdez N.
254908,Glushkova D.
724011,Amiraghyan A.
636608,Frodin T.
315188,Kozak V.
660171,Lozano Avellaneda S. A.
673890,Lujan C.
896079,Gallardo Guevara C.
333414,Altansarnai J.
711185,Brune A.
579811,Wiersholm K.
472196,Muelle Valdez Y. L.
493570,Talamo Pinto S. V.
244399,Dapkute I.
387905,Bazan L. A.
888658,Bonaguro L. R. B. C.
930271,Pohle V.
708093,Castro B.
338139,Ye S.
369756,Vazquez Valles M.
550268,Crinebouch H.
502395,Dell'Edera F.
761670,Dada-Mascoll S.
478095,Britton D.
169247,Tomai C.
424088,Garakani S.
636076,Vaissaud D.
285754,Jara S.
114935,Osuigwe V.
865642,Nilsson L.
776717,Bernstein G.
454717,Sziedat F.
675847,Todoni C. N.
696963,Kovalchuk K.
681373,Turkmen D.
984459,Gandolfi F.
307350,Burcescu M. I.
964732,Perelygina E.
702858,Zoldakova D.
996401,Krejcova T.
103501,Giambelli C.
268341,Boehner L.
499931,Soares C.
968138,Grubor A.
628325,Kadi H.
689656,Payne B.
568174,Breaz A.
733870,Gailis R.
831593,Vagramov A.
547054,Xu A.
360156,Marton I.
359905,Hurkacz N.
313198,Gorska D.
